Scenario,Sample ID,Sample status,Sorties,Energy (kWh),Operation Time (s),Selected batch IDs
r0.20_a0.9_b0.9,1,formal sampled,18,53.21850231740343,32776.09267694372,S001|C|01022;S001|C|31745;S002|B|00026;S002|C|00229;S003|B|00026;S003|C|00229;S004|C|00063;S005|C|00063;S006|C|00063;S007|C|00031;S008|C|00031;S009|B|00007;S010|B|00007;S011|B|00007;S012|B|00007;S013|B|00007;S014|B|00007;S015|B|00007
r0.20_a0.9_b0.9,2,formal sampled,19,53.130882178888356,34440.065206685635,S001|C|01022;S001|C|31745;S002|B|00026;S002|C|00229;S003|B|00026;S003|C|00229;S004|C|00063;S005|C|00063;S006|C|00063;S007|C|00031;S008|B|00010;S008|B|00021;S009|B|00007;S010|B|00007;S011|B|00007;S012|B|00007;S013|B|00007;S014|B|00007;S015|B|00007
r0.20_a0.9_b1.0,1,formal sampled,18,53.47407621531019,32776.09267694372,S001|C|01022;S001|C|31745;S002|B|00026;S002|C|00229;S003|B|00026;S003|C|00229;S004|C|00063;S005|C|00063;S006|C|00063;S007|C|00031;S008|C|00031;S009|B|00007;S010|B|00007;S011|B|00007;S012|B|00007;S013|B|00007;S014|B|00007;S015|B|00007
r0.20_a0.9_b1.0,2,formal sampled,19,53.39435397523125,34440.065206685635,S001|C|01022;S001|C|31745;S002|B|00026;S002|C|00229;S003|B|00026;S003|C|00229;S004|C|00063;S005|C|00063;S006|C|00063;S007|C|00031;S008|B|00010;S008|B|00021;S009|B|00007;S010|B|00007;S011|B|00007;S012|B|00007;S013|B|00007;S014|B|00007;S015|B|00007
r0.20_a0.9_b1.1,1,formal sampled,18,53.72965011321696,32776.09267694372,S001|C|01022;S001|C|31745;S002|B|00026;S002|C|00229;S003|B|00026;S003|C|00229;S004|C|00063;S005|C|00063;S006|C|00063;S007|C|00031;S008|C|00031;S009|B|00007;S010|B|00007;S011|B|00007;S012|B|00007;S013|B|00007;S014|B|00007;S015|B|00007
r0.20_a0.9_b1.1,2,formal sampled,19,53.657825771574146,34440.065206685635,S001|C|01022;S001|C|31745;S002|B|00026;S002|C|00229;S003|B|00026;S003|C|00229;S004|C|00063;S005|C|00063;S006|C|00063;S007|C|00031;S008|B|00010;S008|B|00021;S009|B|00007;S010|B|00007;S011|B|00007;S012|B|00007;S013|B|00007;S014|B|00007;S015|B|00007
r0.20_a1.0_b0.9,1,formal sampled,18,58.8760953436526,32776.09267694372,S001|C|01022;S001|C|31745;S002|B|00026;S002|C|00229;S003|B|00026;S003|C|00229;S004|C|00063;S005|C|00063;S006|C|00063;S007|C|00031;S008|C|00031;S009|B|00007;S010|B|00007;S011|B|00007;S012|B|00007;S013|B|00007;S014|B|00007;S015|B|00007
r0.20_a1.0_b0.9,2,formal sampled,19,58.770841735755276,34440.065206685635,S001|C|01022;S001|C|31745;S002|B|00026;S002|C|00229;S003|B|00026;S003|C|00229;S004|C|00063;S005|C|00063;S006|C|00063;S007|C|00031;S008|B|00010;S008|B|00021;S009|B|00007;S010|B|00007;S011|B|00007;S012|B|00007;S013|B|00007;S014|B|00007;S015|B|00007
r0.20_a1.0_b1.0,1,formal sampled,18,59.131669241559365,32776.09267694372,S001|C|01022;S001|C|31745;S002|B|00026;S002|C|00229;S003|B|00026;S003|C|00229;S004|C|00063;S005|C|00063;S006|C|00063;S007|C|00031;S008|C|00031;S009|B|00007;S010|B|00007;S011|B|00007;S012|B|00007;S013|B|00007;S014|B|00007;S015|B|00007
r0.20_a1.0_b1.0,2,formal sampled,19,59.03431353209817,34440.065206685635,S001|C|01022;S001|C|31745;S002|B|00026;S002|C|00229;S003|B|00026;S003|C|00229;S004|C|00063;S005|C|00063;S006|C|00063;S007|C|00031;S008|B|00010;S008|B|00021;S009|B|00007;S010|B|00007;S011|B|00007;S012|B|00007;S013|B|00007;S014|B|00007;S015|B|00007
r0.20_a1.0_b1.1,1,formal sampled,18,59.38724313946613,32776.09267694372,S001|C|01022;S001|C|31745;S002|B|00026;S002|C|00229;S003|B|00026;S003|C|00229;S004|C|00063;S005|C|00063;S006|C|00063;S007|C|00031;S008|C|00031;S009|B|00007;S010|B|00007;S011|B|00007;S012|B|00007;S013|B|00007;S014|B|00007;S015|B|00007
r0.20_a1.0_b1.1,2,formal sampled,19,59.297785328441066,34440.065206685635,S001|C|01022;S001|C|31745;S002|B|00026;S002|C|00229;S003|B|00026;S003|C|00229;S004|C|00063;S005|C|00063;S006|C|00063;S007|C|00031;S008|B|00010;S008|B|00021;S009|B|00007;S010|B|00007;S011|B|00007;S012|B|00007;S013|B|00007;S014|B|00007;S015|B|00007
r0.20_a1.1_b0.9,1,formal sampled,19,66.64832529109798,34565.740688117025,S001|C|01022;S001|C|31745;S002|B|00026;S002|C|00229;S003|B|00026;S003|C|00229;S004|B|00012;S004|C|00051;S005|C|00063;S006|C|00063;S007|C|00031;S008|C|00031;S009|B|00007;S010|B|00007;S011|B|00007;S012|B|00007;S013|B|00007;S014|B|00007;S015|B|00007
r0.20_a1.1_b0.9,2,formal sampled,19,66.74880385057557,34559.740688117025,S001|C|01022;S001|C|31745;S002|B|00026;S002|C|00229;S003|B|00026;S003|C|00229;S004|B|00037;S004|C|00026;S005|C|00063;S006|C|00063;S007|C|00031;S008|C|00031;S009|B|00007;S010|B|00007;S011|B|00007;S012|B|00007;S013|B|00007;S014|B|00007;S015|B|00007
r0.20_a1.1_b0.9,3,formal sampled,20,66.50816484214452,36239.975643870406,S001|C|01022;S001|C|31745;S002|B|00026;S002|C|00229;S003|B|00026;S003|C|00229;S004|B|00012;S004|B|00018;S004|B|00033;S005|C|00063;S006|C|00063;S007|C|00031;S008|C|00031;S009|B|00007;S010|B|00007;S011|B|00007;S012|B|00007;S013|B|00007;S014|B|00007;S015|B|00007
r0.20_a1.1_b1.0,1,formal sampled,20,69.34464131363441,36335.58299528407,S001|C|01022;S001|C|31745;S002|B|00026;S002|C|00229;S003|B|00026;S003|C|00229;S004|B|00012;S004|C|00051;S005|C|00063;S006|C|00063;S007|C|00031;S008|B|00003;S008|C|00028;S009|B|00007;S010|B|00007;S011|B|00007;S012|B|00007;S013|B|00007;S014|B|00007;S015|B|00007
r0.20_a1.1_b1.0,2,formal sampled,20,69.44511987311202,36329.58299528407,S001|C|01022;S001|C|31745;S002|B|00026;S002|C|00229;S003|B|00026;S003|C|00229;S004|B|00037;S004|C|00026;S005|C|00063;S006|C|00063;S007|C|00031;S008|B|00003;S008|C|00028;S009|B|00007;S010|B|00007;S011|B|00007;S012|B|00007;S013|B|00007;S014|B|00007;S015|B|00007
r0.20_a1.1_b1.0,3,formal sampled,21,69.10972367561854,38011.555525025986,S001|C|01022;S001|C|31745;S002|B|00026;S002|C|00229;S003|B|00026;S003|C|00229;S004|B|00012;S004|C|00051;S005|C|00063;S006|C|00063;S007|C|00031;S008|B|00003;S008|B|00008;S008|B|00020;S009|B|00007;S010|B|00007;S011|B|00007;S012|B|00007;S013|B|00007;S014|B|00007;S015|B|00007
r0.20_a1.1_b1.0,4,formal sampled,21,69.21020223509615,38005.555525025986,S001|C|01022;S001|C|31745;S002|B|00026;S002|C|00229;S003|B|00026;S003|C|00229;S004|B|00037;S004|C|00026;S005|C|00063;S006|C|00063;S007|C|00031;S008|B|00003;S008|B|00008;S008|B|00020;S009|B|00007;S010|B|00007;S011|B|00007;S012|B|00007;S013|B|00007;S014|B|00007;S015|B|00007
r0.20_a1.1_b1.0,5,formal sampled,22,68.9795824263474,39685.79048077937,S001|C|01022;S001|C|31745;S002|B|00026;S002|C|00229;S003|B|00026;S003|C|00229;S004|B|00012;S004|B|00018;S004|B|00033;S005|C|00063;S006|C|00063;S007|C|00031;S008|B|00003;S008|B|00008;S008|B|00020;S009|B|00007;S010|B|00007;S011|B|00007;S012|B|00007;S013|B|00007;S014|B|00007;S015|B|00007
r0.20_a1.1_b1.1,1,formal sampled,20,69.6195931046809,36335.58299528407,S001|C|01022;S001|C|31745;S002|B|00026;S002|C|00229;S003|B|00026;S003|C|00229;S004|B|00012;S004|C|00051;S005|C|00063;S006|C|00063;S007|C|00031;S008|B|00003;S008|C|00028;S009|B|00007;S010|B|00007;S011|B|00007;S012|B|00007;S013|B|00007;S014|B|00007;S015|B|00007
r0.20_a1.1_b1.1,2,formal sampled,20,69.72007166415851,36329.58299528407,S001|C|01022;S001|C|31745;S002|B|00026;S002|C|00229;S003|B|00026;S003|C|00229;S004|B|00037;S004|C|00026;S005|C|00063;S006|C|00063;S007|C|00031;S008|B|00003;S008|C|00028;S009|B|00007;S010|B|00007;S011|B|00007;S012|B|00007;S013|B|00007;S014|B|00007;S015|B|00007
r0.20_a1.1_b1.1,3,formal sampled,21,69.39257336510117,38011.555525025986,S001|C|01022;S001|C|31745;S002|B|00026;S002|C|00229;S003|B|00026;S003|C|00229;S004|B|00012;S004|C|00051;S005|C|00063;S006|C|00063;S007|C|00031;S008|B|00003;S008|B|00008;S008|B|00020;S009|B|00007;S010|B|00007;S011|B|00007;S012|B|00007;S013|B|00007;S014|B|00007;S015|B|00007
r0.20_a1.1_b1.1,4,formal sampled,21,69.49305192457878,38005.555525025986,S001|C|01022;S001|C|31745;S002|B|00026;S002|C|00229;S003|B|00026;S003|C|00229;S004|B|00037;S004|C|00026;S005|C|00063;S006|C|00063;S007|C|00031;S008|B|00003;S008|B|00008;S008|B|00020;S009|B|00007;S010|B|00007;S011|B|00007;S012|B|00007;S013|B|00007;S014|B|00007;S015|B|00007
r0.20_a1.1_b1.1,5,formal sampled,22,69.27245131551234,39685.79048077937,S001|C|01022;S001|C|31745;S002|B|00026;S002|C|00229;S003|B|00026;S003|C|00229;S004|B|00012;S004|B|00018;S004|B|00033;S005|C|00063;S006|C|00063;S007|C|00031;S008|B|00003;S008|B|00008;S008|B|00020;S009|B|00007;S010|B|00007;S011|B|00007;S012|B|00007;S013|B|00007;S014|B|00007;S015|B|00007
r0.30_a0.9_b0.9,1,formal sampled,18,53.21850231740343,32776.09267694372,S001|C|01022;S001|C|31745;S002|B|00026;S002|C|00229;S003|B|00026;S003|C|00229;S004|C|00063;S005|C|00063;S006|C|00063;S007|C|00031;S008|C|00031;S009|B|00007;S010|B|00007;S011|B|00007;S012|B|00007;S013|B|00007;S014|B|00007;S015|B|00007
r0.30_a0.9_b0.9,2,formal sampled,19,53.130882178888356,34440.065206685635,S001|C|01022;S001|C|31745;S002|B|00026;S002|C|00229;S003|B|00026;S003|C|00229;S004|C|00063;S005|C|00063;S006|C|00063;S007|C|00031;S008|B|00010;S008|B|00021;S009|B|00007;S010|B|00007;S011|B|00007;S012|B|00007;S013|B|00007;S014|B|00007;S015|B|00007
r0.30_a0.9_b1.0,1,formal sampled,18,53.47407621531019,32776.09267694372,S001|C|01022;S001|C|31745;S002|B|00026;S002|C|00229;S003|B|00026;S003|C|00229;S004|C|00063;S005|C|00063;S006|C|00063;S007|C|00031;S008|C|00031;S009|B|00007;S010|B|00007;S011|B|00007;S012|B|00007;S013|B|00007;S014|B|00007;S015|B|00007
r0.30_a0.9_b1.0,2,formal sampled,19,53.39435397523125,34440.065206685635,S001|C|01022;S001|C|31745;S002|B|00026;S002|C|00229;S003|B|00026;S003|C|00229;S004|C|00063;S005|C|00063;S006|C|00063;S007|C|00031;S008|B|00010;S008|B|00021;S009|B|00007;S010|B|00007;S011|B|00007;S012|B|00007;S013|B|00007;S014|B|00007;S015|B|00007
r0.30_a0.9_b1.1,1,formal sampled,18,53.72965011321696,32776.09267694372,S001|C|01022;S001|C|31745;S002|B|00026;S002|C|00229;S003|B|00026;S003|C|00229;S004|C|00063;S005|C|00063;S006|C|00063;S007|C|00031;S008|C|00031;S009|B|00007;S010|B|00007;S011|B|00007;S012|B|00007;S013|B|00007;S014|B|00007;S015|B|00007
r0.30_a0.9_b1.1,2,formal sampled,19,53.657825771574146,34440.065206685635,S001|C|01022;S001|C|31745;S002|B|00026;S002|C|00229;S003|B|00026;S003|C|00229;S004|C|00063;S005|C|00063;S006|C|00063;S007|C|00031;S008|B|00010;S008|B|00021;S009|B|00007;S010|B|00007;S011|B|00007;S012|B|00007;S013|B|00007;S014|B|00007;S015|B|00007
r0.30_a1.0_b0.9,1,formal sampled,20,66.95135814139675,36586.26912606206,S001|C|01022;S001|C|31745;S002|C|00054;S002|C|00201;S003|C|00054;S003|C|00201;S004|B|00012;S004|C|00051;S005|C|00063;S006|C|00063;S007|C|00031;S008|B|00003;S008|C|00028;S009|B|00007;S010|B|00007;S011|B|00007;S012|B|00007;S013|B|00007;S014|B|00007;S015|B|00007
r0.30_a1.0_b0.9,2,formal sampled,21,66.7370786615245,38262.24165580398,S001|C|01022;S001|C|31745;S002|C|00054;S002|C|00201;S003|C|00054;S003|C|00201;S004|B|00012;S004|C|00051;S005|C|00063;S006|C|00063;S007|C|00031;S008|B|00003;S008|B|00008;S008|B|00020;S009|B|00007;S010|B|00007;S011|B|00007;S012|B|00007;S013|B|00007;S014|B|00007;S015|B|00007
r0.30_a1.0_b0.9,3,formal sampled,21,66.78266339772217,38123.84497526718,S001|C|01022;S001|C|31745;S002|B|00024;S002|B|00036;S002|C|00195;S003|C|00054;S003|C|00201;S004|B|00012;S004|C|00051;S005|C|00063;S006|C|00063;S007|C|00031;S008|B|00003;S008|C|00028;S009|B|00007;S010|B|00007;S011|B|00007;S012|B|00007;S013|B|00007;S014|B|00007;S015|B|00007
r0.30_a1.0_b0.9,4,formal sampled,21,66.78311503920592,38117.84497526718,S001|C|01022;S001|C|31745;S002|B|00011;S002|B|00132;S002|C|00112;S003|C|00054;S003|C|00201;S004|B|00012;S004|C|00051;S005|C|00063;S006|C|00063;S007|C|00031;S008|B|00003;S008|C|00028;S009|B|00007;S010|B|00007;S011|B|00007;S012|B|00007;S013|B|00007;S014|B|00007;S015|B|00007
r0.30_a1.0_b0.9,5,formal sampled,22,66.56838391784991,39799.817505009094,S001|C|01022;S001|C|31745;S002|B|00024;S002|B|00036;S002|C|00195;S003|C|00054;S003|C|00201;S004|B|00012;S004|C|00051;S005|C|00063;S006|C|00063;S007|C|00031;S008|B|00003;S008|B|00008;S008|B|00020;S009|B|00007;S010|B|00007;S011|B|00007;S012|B|00007;S013|B|00007;S014|B|00007;S015|B|00007
r0.30_a1.0_b0.9,6,formal sampled,22,66.56883555933368,39793.817505009094,S001|C|01022;S001|C|31745;S002|B|00011;S002|B|00132;S002|C|00112;S003|C|00054;S003|C|00201;S004|B|00012;S004|C|00051;S005|C|00063;S006|C|00063;S007|C|00031;S008|B|00003;S008|B|00008;S008|B|00020;S009|B|00007;S010|B|00007;S011|B|00007;S012|B|00007;S013|B|00007;S014|B|00007;S015|B|00007
r0.30_a1.0_b0.9,7,formal sampled,22,66.65026295243477,39661.42082447229,S001|C|01022;S001|C|31745;S002|B|00024;S002|B|00036;S002|B|00066;S002|B|00129;S003|C|00054;S003|C|00201;S004|B|00012;S004|C|00051;S005|C|00063;S006|C|00063;S007|C|00031;S008|B|00003;S008|C|00028;S009|B|00007;S010|B|00007;S011|B|00007;S012|B|00007;S013|B|00007;S014|B|00007;S015|B|00007
r0.30_a1.0_b0.9,8,formal sampled,23,66.43598347256253,41337.393354214204,S001|C|01022;S001|C|31745;S002|B|00024;S002|B|00036;S002|B|00066;S002|B|00129;S003|C|00054;S003|C|00201;S004|B|00012;S004|C|00051;S005|C|00063;S006|C|00063;S007|C|00031;S008|B|00003;S008|B|00008;S008|B|00020;S009|B|00007;S010|B|00007;S011|B|00007;S012|B|00007;S013|B|00007;S014|B|00007;S015|B|00007
r0.30_a1.0_b0.9,9,formal sampled,23,66.5310418894899,41335.65578022567,S001|C|01022;S001|C|31745;S002|B|00024;S002|B|00036;S002|B|00066;S002|B|00129;S003|C|00054;S003|C|00201;S004|B|00012;S004|B|00018;S004|B|00033;S005|C|00063;S006|C|00063;S007|C|00031;S008|B|00003;S008|C|00028;S009|B|00007;S010|B|00007;S011|B|00007;S012|B|00007;S013|B|00007;S014|B|00007;S015|B|00007
r0.30_a1.0_b0.9,10,formal sampled,24,66.31676240961764,43011.628309967586,S001|C|01022;S001|C|31745;S002|B|00024;S002|B|00036;S002|B|00066;S002|B|00129;S003|C|00054;S003|C|00201;S004|B|00012;S004|B|00018;S004|B|00033;S005|C|00063;S006|C|00063;S007|C|00031;S008|B|00003;S008|B|00008;S008|B|00020;S009|B|00007;S010|B|00007;S011|B|00007;S012|B|00007;S013|B|00007;S014|B|00007;S015|B|00007
r0.30_a1.0_b0.9,11,formal sampled,25,66.23170596696416,44748.60336218227,S001|C|01022;S001|C|31745;S002|B|00024;S002|B|00036;S002|B|00066;S002|B|00129;S003|B|00024;S003|B|00036;S003|C|00195;S004|B|00012;S004|B|00018;S004|B|00033;S005|C|00063;S006|C|00063;S007|C|00031;S008|B|00003;S008|B|00008;S008|B|00020;S009|B|00007;S010|B|00007;S011|B|00007;S012|B|00007;S013|B|00007;S014|B|00007;S015|B|00007
r0.30_a1.0_b0.9,12,formal sampled,25,66.23214859061925,44742.60336218227,S001|C|01022;S001|C|31745;S002|B|00024;S002|B|00036;S002|B|00066;S002|B|00129;S003|B|00011;S003|B|00132;S003|C|00112;S004|B|00012;S004|B|00018;S004|B|00033;S005|C|00063;S006|C|00063;S007|C|00031;S008|B|00003;S008|B|00008;S008|B|00020;S009|B|00007;S010|B|00007;S011|B|00007;S012|B|00007;S013|B|00007;S014|B|00007;S015|B|00007
r0.30_a1.0_b0.9,13,formal sampled,26,66.18221914222505,46485.57841439696,S001|C|01022;S001|C|31745;S002|B|00024;S002|B|00036;S002|B|00066;S002|B|00129;S003|B|00024;S003|B|00036;S003|B|00066;S003|B|00129;S004|B|00012;S004|B|00018;S004|B|00033;S005|C|00063;S006|C|00063;S007|C|00031;S008|B|00003;S008|B|00008;S008|B|00020;S009|B|00007;S010|B|00007;S011|B|00007;S012|B|00007;S013|B|00007;S014|B|00007;S015|B|00007
r0.30_a1.0_b1.0,1,formal sampled,20,67.22803113791093,36586.26912606206,S001|C|01022;S001|C|31745;S002|C|00054;S002|C|00201;S003|C|00054;S003|C|00201;S004|B|00012;S004|C|00051;S005|C|00063;S006|C|00063;S007|C|00031;S008|B|00003;S008|C|00028;S009|B|00007;S010|B|00007;S011|B|00007;S012|B|00007;S013|B|00007;S014|B|00007;S015|B|00007
r0.30_a1.0_b1.0,2,formal sampled,21,67.02164955647481,38262.24165580398,S001|C|01022;S001|C|31745;S002|C|00054;S002|C|00201;S003|C|00054;S003|C|00201;S004|B|00012;S004|C|00051;S005|C|00063;S006|C|00063;S007|C|00031;S008|B|00003;S008|B|00008;S008|B|00020;S009|B|00007;S010|B|00007;S011|B|00007;S012|B|00007;S013|B|00007;S014|B|00007;S015|B|00007
r0.30_a1.0_b1.0,3,formal sampled,21,67.06549397884407,38123.84497526718,S001|C|01022;S001|C|31745;S002|B|00024;S002|B|00036;S002|C|00195;S003|C|00054;S003|C|00201;S004|B|00012;S004|C|00051;S005|C|00063;S006|C|00063;S007|C|00031;S008|B|00003;S008|C|00028;S009|B|00007;S010|B|00007;S011|B|00007;S012|B|00007;S013|B|00007;S014|B|00007;S015|B|00007
r0.30_a1.0_b1.0,4,formal sampled,21,67.06594562032784,38117.84497526718,S001|C|01022;S001|C|31745;S002|B|00011;S002|B|00132;S002|C|00112;S003|C|00054;S003|C|00201;S004|B|00012;S004|C|00051;S005|C|00063;S006|C|00063;S007|C|00031;S008|B|00003;S008|C|00028;S009|B|00007;S010|B|00007;S011|B|00007;S012|B|00007;S013|B|00007;S014|B|00007;S015|B|00007
r0.30_a1.0_b1.0,5,formal sampled,22,66.85911239740796,39799.817505009094,S001|C|01022;S001|C|31745;S002|B|00024;S002|B|00036;S002|C|00195;S003|C|00054;S003|C|00201;S004|B|00012;S004|C|00051;S005|C|00063;S006|C|00063;S007|C|00031;S008|B|00003;S008|B|00008;S008|B|00020;S009|B|00007;S010|B|00007;S011|B|00007;S012|B|00007;S013|B|00007;S014|B|00007;S015|B|00007
r0.30_a1.0_b1.0,6,formal sampled,22,66.85956403889172,39793.817505009094,S001|C|01022;S001|C|31745;S002|B|00011;S002|B|00132;S002|C|00112;S003|C|00054;S003|C|00201;S004|B|00012;S004|C|00051;S005|C|00063;S006|C|00063;S007|C|00031;S008|B|00003;S008|B|00008;S008|B|00020;S009|B|00007;S010|B|00007;S011|B|00007;S012|B|00007;S013|B|00007;S014|B|00007;S015|B|00007
r0.30_a1.0_b1.0,7,formal sampled,22,66.93925111816442,39661.42082447229,S001|C|01022;S001|C|31745;S002|B|00024;S002|B|00036;S002|B|00066;S002|B|00129;S003|C|00054;S003|C|00201;S004|B|00012;S004|C|00051;S005|C|00063;S006|C|00063;S007|C|00031;S008|B|00003;S008|C|00028;S009|B|00007;S010|B|00007;S011|B|00007;S012|B|00007;S013|B|00007;S014|B|00007;S015|B|00007
r0.30_a1.0_b1.0,8,formal sampled,23,66.7328695367283,41337.393354214204,S001|C|01022;S001|C|31745;S002|B|00024;S002|B|00036;S002|B|00066;S002|B|00129;S003|C|00054;S003|C|00201;S004|B|00012;S004|C|00051;S005|C|00063;S006|C|00063;S007|C|00031;S008|B|00003;S008|B|00008;S008|B|00020;S009|B|00007;S010|B|00007;S011|B|00007;S012|B|00007;S013|B|00007;S014|B|00007;S015|B|00007
r0.30_a1.0_b1.0,9,formal sampled,23,66.83004925490184,41335.65578022567,S001|C|01022;S001|C|31745;S002|B|00024;S002|B|00036;S002|B|00066;S002|B|00129;S003|C|00054;S003|C|00201;S004|B|00012;S004|B|00018;S004|B|00033;S005|C|00063;S006|C|00063;S007|C|00031;S008|B|00003;S008|C|00028;S009|B|00007;S010|B|00007;S011|B|00007;S012|B|00007;S013|B|00007;S014|B|00007;S015|B|00007
r0.30_a1.0_b1.0,10,formal sampled,24,66.62366767346572,43011.628309967586,S001|C|01022;S001|C|31745;S002|B|00024;S002|B|00036;S002|B|00066;S002|B|00129;S003|C|00054;S003|C|00201;S004|B|00012;S004|B|00018;S004|B|00033;S005|C|00063;S006|C|00063;S007|C|00031;S008|B|00003;S008|B|00008;S008|B|00020;S009|B|00007;S010|B|00007;S011|B|00007;S012|B|00007;S013|B|00007;S014|B|00007;S015|B|00007
r0.30_a1.0_b1.0,11,formal sampled,25,66.5535647581652,44748.60336218227,S001|C|01022;S001|C|31745;S002|B|00024;S002|B|00036;S002|B|00066;S002|B|00129;S003|B|00024;S003|B|00036;S003|C|00195;S004|B|00012;S004|B|00018;S004|B|00033;S005|C|00063;S006|C|00063;S007|C|00031;S008|B|00003;S008|B|00008;S008|B|00020;S009|B|00007;S010|B|00007;S011|B|00007;S012|B|00007;S013|B|00007;S014|B|00007;S015|B|00007
r0.30_a1.0_b1.0,12,formal sampled,25,66.5540073818203,44742.60336218227,S001|C|01022;S001|C|31745;S002|B|00024;S002|B|00036;S002|B|00066;S002|B|00129;S003|B|00011;S003|B|00132;S003|C|00112;S004|B|00012;S004|B|00018;S004|B|00033;S005|C|00063;S006|C|00063;S007|C|00031;S008|B|00003;S008|B|00008;S008|B|00020;S009|B|00007;S010|B|00007;S011|B|00007;S012|B|00007;S013|B|00007;S014|B|00007;S015|B|00007
r0.30_a1.0_b1.0,13,formal sampled,26,66.51903146077906,46485.57841439696,S001|C|01022;S001|C|31745;S002|B|00024;S002|B|00036;S002|B|00066;S002|B|00129;S003|B|00024;S003|B|00036;S003|B|00066;S003|B|00129;S004|B|00012;S004|B|00018;S004|B|00033;S005|C|00063;S006|C|00063;S007|C|00031;S008|B|00003;S008|B|00008;S008|B|00020;S009|B|00007;S010|B|00007;S011|B|00007;S012|B|00007;S013|B|00007;S014|B|00007;S015|B|00007
r0.30_a1.0_b1.1,1,formal sampled,20,67.50470413442511,36586.26912606206,S001|C|01022;S001|C|31745;S002|C|00054;S002|C|00201;S003|C|00054;S003|C|00201;S004|B|00012;S004|C|00051;S005|C|00063;S006|C|00063;S007|C|00031;S008|B|00003;S008|C|00028;S009|B|00007;S010|B|00007;S011|B|00007;S012|B|00007;S013|B|00007;S014|B|00007;S015|B|00007
r0.30_a1.0_b1.1,2,formal sampled,21,67.30622045142512,38262.24165580398,S001|C|01022;S001|C|31745;S002|C|00054;S002|C|00201;S003|C|00054;S003|C|00201;S004|B|00012;S004|C|00051;S005|C|00063;S006|C|00063;S007|C|00031;S008|B|00003;S008|B|00008;S008|B|00020;S009|B|00007;S010|B|00007;S011|B|00007;S012|B|00007;S013|B|00007;S014|B|00007;S015|B|00007
r0.30_a1.0_b1.1,3,formal sampled,21,67.34832455996599,38123.84497526718,S001|C|01022;S001|C|31745;S002|B|00024;S002|B|00036;S002|C|00195;S003|C|00054;S003|C|00201;S004|B|00012;S004|C|00051;S005|C|00063;S006|C|00063;S007|C|00031;S008|B|00003;S008|C|00028;S009|B|00007;S010|B|00007;S011|B|00007;S012|B|00007;S013|B|00007;S014|B|00007;S015|B|00007
r0.30_a1.0_b1.1,4,formal sampled,21,67.34877620144975,38117.84497526718,S001|C|01022;S001|C|31745;S002|B|00011;S002|B|00132;S002|C|00112;S003|C|00054;S003|C|00201;S004|B|00012;S004|C|00051;S005|C|00063;S006|C|00063;S007|C|00031;S008|B|00003;S008|C|00028;S009|B|00007;S010|B|00007;S011|B|00007;S012|B|00007;S013|B|00007;S014|B|00007;S015|B|00007
r0.30_a1.0_b1.1,5,formal sampled,22,67.149840876966,39799.817505009094,S001|C|01022;S001|C|31745;S002|B|00024;S002|B|00036;S002|C|00195;S003|C|00054;S003|C|00201;S004|B|00012;S004|C|00051;S005|C|00063;S006|C|00063;S007|C|00031;S008|B|00003;S008|B|00008;S008|B|00020;S009|B|00007;S010|B|00007;S011|B|00007;S012|B|00007;S013|B|00007;S014|B|00007;S015|B|00007
r0.30_a1.0_b1.1,6,formal sampled,22,67.15029251844976,39793.817505009094,S001|C|01022;S001|C|31745;S002|B|00011;S002|B|00132;S002|C|00112;S003|C|00054;S003|C|00201;S004|B|00012;S004|C|00051;S005|C|00063;S006|C|00063;S007|C|00031;S008|B|00003;S008|B|00008;S008|B|00020;S009|B|00007;S010|B|00007;S011|B|00007;S012|B|00007;S013|B|00007;S014|B|00007;S015|B|00007
r0.30_a1.0_b1.1,7,formal sampled,22,67.22823928389407,39661.42082447229,S001|C|01022;S001|C|31745;S002|B|00024;S002|B|00036;S002|B|00066;S002|B|00129;S003|C|00054;S003|C|00201;S004|B|00012;S004|C|00051;S005|C|00063;S006|C|00063;S007|C|00031;S008|B|00003;S008|C|00028;S009|B|00007;S010|B|00007;S011|B|00007;S012|B|00007;S013|B|00007;S014|B|00007;S015|B|00007
r0.30_a1.0_b1.1,8,formal sampled,23,67.02975560089408,41337.393354214204,S001|C|01022;S001|C|31745;S002|B|00024;S002|B|00036;S002|B|00066;S002|B|00129;S003|C|00054;S003|C|00201;S004|B|00012;S004|C|00051;S005|C|00063;S006|C|00063;S007|C|00031;S008|B|00003;S008|B|00008;S008|B|00020;S009|B|00007;S010|B|00007;S011|B|00007;S012|B|00007;S013|B|00007;S014|B|00007;S015|B|00007
r0.30_a1.0_b1.1,9,formal sampled,23,67.12905662031378,41335.65578022567,S001|C|01022;S001|C|31745;S002|B|00024;S002|B|00036;S002|B|00066;S002|B|00129;S003|C|00054;S003|C|00201;S004|B|00012;S004|B|00018;S004|B|00033;S005|C|00063;S006|C|00063;S007|C|00031;S008|B|00003;S008|C|00028;S009|B|00007;S010|B|00007;S011|B|00007;S012|B|00007;S013|B|00007;S014|B|00007;S015|B|00007
r0.30_a1.0_b1.1,10,formal sampled,24,66.9305729373138,43011.628309967586,S001|C|01022;S001|C|31745;S002|B|00024;S002|B|00036;S002|B|00066;S002|B|00129;S003|C|00054;S003|C|00201;S004|B|00012;S004|B|00018;S004|B|00033;S005|C|00063;S006|C|00063;S007|C|00031;S008|B|00003;S008|B|00008;S008|B|00020;S009|B|00007;S010|B|00007;S011|B|00007;S012|B|00007;S013|B|00007;S014|B|00007;S015|B|00007
r0.30_a1.0_b1.1,11,formal sampled,25,66.87542354936623,44748.60336218227,S001|C|01022;S001|C|31745;S002|B|00024;S002|B|00036;S002|B|00066;S002|B|00129;S003|B|00024;S003|B|00036;S003|C|00195;S004|B|00012;S004|B|00018;S004|B|00033;S005|C|00063;S006|C|00063;S007|C|00031;S008|B|00003;S008|B|00008;S008|B|00020;S009|B|00007;S010|B|00007;S011|B|00007;S012|B|00007;S013|B|00007;S014|B|00007;S015|B|00007
r0.30_a1.0_b1.1,12,formal sampled,25,66.87586617302134,44742.60336218227,S001|C|01022;S001|C|31745;S002|B|00024;S002|B|00036;S002|B|00066;S002|B|00129;S003|B|00011;S003|B|00132;S003|C|00112;S004|B|00012;S004|B|00018;S004|B|00033;S005|C|00063;S006|C|00063;S007|C|00031;S008|B|00003;S008|B|00008;S008|B|00020;S009|B|00007;S010|B|00007;S011|B|00007;S012|B|00007;S013|B|00007;S014|B|00007;S015|B|00007
r0.30_a1.0_b1.1,13,formal sampled,26,66.85584377933306,46485.57841439696,S001|C|01022;S001|C|31745;S002|B|00024;S002|B|00036;S002|B|00066;S002|B|00129;S003|B|00024;S003|B|00036;S003|B|00066;S003|B|00129;S004|B|00012;S004|B|00018;S004|B|00033;S005|C|00063;S006|C|00063;S007|C|00031;S008|B|00003;S008|B|00008;S008|B|00020;S009|B|00007;S010|B|00007;S011|B|00007;S012|B|00007;S013|B|00007;S014|B|00007;S015|B|00007
r0.40_a0.9_b0.9,1,formal sampled,20,66.86438775693352,36919.40229053146,S001|C|01022;S001|C|31745;S002|C|00054;S002|C|00201;S003|C|00054;S003|C|00201;S004|C|00024;S004|C|00039;S005|C|00063;S006|C|00063;S007|C|00031;S008|C|00014;S008|C|00017;S009|B|00007;S010|B|00007;S011|B|00007;S012|C|00007;S013|B|00007;S014|B|00007;S015|B|00007
r0.40_a0.9_b0.9,2,formal sampled,21,66.65640445587906,38595.37482027338,S001|C|01022;S001|C|31745;S002|C|00054;S002|C|00201;S003|C|00054;S003|C|00201;S004|C|00024;S004|C|00039;S005|C|00063;S006|C|00063;S007|C|00031;S008|B|00006;S008|B|00008;S008|C|00017;S009|B|00007;S010|B|00007;S011|B|00007;S012|C|00007;S013|B|00007;S014|B|00007;S015|B|00007
r0.40_a0.9_b0.9,3,formal sampled,21,66.695603568658,38544.28651487716,S001|C|01022;S001|C|31745;S002|C|00054;S002|C|00201;S003|C|00054;S003|C|00201;S004|C|00024;S004|C|00039;S005|C|00063;S006|C|00063;S007|C|00031;S008|C|00014;S008|C|00017;S009|B|00007;S010|B|00007;S011|B|00007;S012|B|00003;S012|B|00004;S013|B|00007;S014|B|00007;S015|B|00007
r0.40_a0.9_b0.9,4,formal sampled,21,66.71810431377335,38456.97813973658,S001|C|01022;S001|C|31745;S002|B|00024;S002|B|00036;S002|C|00195;S003|C|00054;S003|C|00201;S004|C|00024;S004|C|00039;S005|C|00063;S006|C|00063;S007|C|00031;S008|C|00014;S008|C|00017;S009|B|00007;S010|B|00007;S011|B|00007;S012|C|00007;S013|B|00007;S014|B|00007;S015|B|00007
r0.40_a0.9_b0.9,5,formal sampled,21,66.71851079110874,38450.97813973658,S001|C|01022;S001|C|31745;S002|B|00011;S002|B|00132;S002|C|00112;S003|C|00054;S003|C|00201;S004|C|00024;S004|C|00039;S005|C|00063;S006|C|00063;S007|C|00031;S008|C|00014;S008|C|00017;S009|B|00007;S010|B|00007;S011|B|00007;S012|C|00007;S013|B|00007;S014|B|00007;S015|B|00007
r0.40_a0.9_b0.9,6,formal sampled,22,66.44904100108604,40277.34735001529,S001|C|01022;S001|C|31745;S002|C|00054;S002|C|00201;S003|C|00054;S003|C|00201;S004|C|00024;S004|C|00039;S005|C|00063;S006|C|00063;S007|C|00031;S008|B|00001;S008|B|00006;S008|B|00008;S008|B|00016;S009|B|00007;S010|B|00007;S011|B|00007;S012|C|00007;S013|B|00007;S014|B|00007;S015|B|00007
r0.40_a0.9_b0.9,7,formal sampled,22,66.48721913151492,40275.60977602676,S001|C|01022;S001|C|31745;S002|C|00054;S002|C|00201;S003|C|00054;S003|C|00201;S004|B|00003;S004|B|00008;S004|C|00052;S005|C|00063;S006|C|00063;S007|C|00031;S008|B|00006;S008|B|00008;S008|C|00017;S009|B|00007;S010|B|00007;S011|B|00007;S012|C|00007;S013|B|00007;S014|B|00007;S015|B|00007
r0.40_a0.9_b0.9,8,formal sampled,22,66.48762026760353,40220.25904461907,S001|C|01022;S001|C|31745;S002|C|00054;S002|C|00201;S003|C|00054;S003|C|00201;S004|C|00024;S004|C|00039;S005|C|00063;S006|C|00063;S007|C|00031;S008|B|00006;S008|B|00008;S008|C|00017;S009|B|00007;S010|B|00007;S011|B|00007;S012|B|00003;S012|B|00004;S013|B|00007;S014|B|00007;S015|B|00007
r0.40_a0.9_b0.9,9,formal sampled,22,66.51012101271888,40132.950669478494,S001|C|01022;S001|C|31745;S002|B|00024;S002|B|00036;S002|C|00195;S003|C|00054;S003|C|00201;S004|C|00024;S004|C|00039;S005|C|00063;S006|C|00063;S007|C|00031;S008|B|00006;S008|B|00008;S008|C|00017;S009|B|00007;S010|B|00007;S011|B|00007;S012|C|00007;S013|B|00007;S014|B|00007;S015|B|00007
r0.40_a0.9_b0.9,10,formal sampled,22,66.51052749005427,40126.950669478494,S001|C|01022;S001|C|31745;S002|B|00011;S002|B|00132;S002|C|00112;S003|C|00054;S003|C|00201;S004|C|00024;S004|C|00039;S005|C|00063;S006|C|00063;S007|C|00031;S008|B|00006;S008|B|00008;S008|C|00017;S009|B|00007;S010|B|00007;S011|B|00007;S012|C|00007;S013|B|00007;S014|B|00007;S015|B|00007
r0.40_a0.9_b0.9,11,formal sampled,22,66.54932012549784,40081.86236408227,S001|C|01022;S001|C|31745;S002|B|00024;S002|B|00036;S002|C|00195;S003|C|00054;S003|C|00201;S004|C|00024;S004|C|00039;S005|C|00063;S006|C|00063;S007|C|00031;S008|C|00014;S008|C|00017;S009|B|00007;S010|B|00007;S011|B|00007;S012|B|00003;S012|B|00004;S013|B|00007;S014|B|00007;S015|B|00007
r0.40_a0.9_b0.9,12,formal sampled,22,66.54972660283322,40075.86236408227,S001|C|01022;S001|C|31745;S002|B|00011;S002|B|00132;S002|C|00112;S003|C|00054;S003|C|00201;S004|C|00024;S004|C|00039;S005|C|00063;S006|C|00063;S007|C|00031;S008|C|00014;S008|C|00017;S009|B|00007;S010|B|00007;S011|B|00007;S012|B|00003;S012|B|00004;S013|B|00007;S014|B|00007;S015|B|00007
r0.40_a0.9_b0.9,13,formal sampled,22,66.60448573916166,39994.5539889417,S001|C|01022;S001|C|31745;S002|B|00024;S002|B|00036;S002|B|00066;S002|B|00129;S003|C|00054;S003|C|00201;S004|C|00024;S004|C|00039;S005|C|00063;S006|C|00063;S007|C|00031;S008|C|00014;S008|C|00017;S009|B|00007;S010|B|00007;S011|B|00007;S012|C|00007;S013|B|00007;S014|B|00007;S015|B|00007
r0.40_a0.9_b0.9,14,formal sampled,23,66.27985567672191,41957.58230576867,S001|C|01022;S001|C|31745;S002|C|00054;S002|C|00201;S003|C|00054;S003|C|00201;S004|B|00003;S004|B|00008;S004|C|00052;S005|C|00063;S006|C|00063;S007|C|00031;S008|B|00001;S008|B|00006;S008|B|00008;S008|B|00016;S009|B|00007;S010|B|00007;S011|B|00007;S012|C|00007;S013|B|00007;S014|B|00007;S015|B|00007
r0.40_a0.9_b0.9,15,formal sampled,23,66.28025681281052,41902.23157436099,S001|C|01022;S001|C|31745;S002|C|00054;S002|C|00201;S003|C|00054;S003|C|00201;S004|C|00024;S004|C|00039;S005|C|00063;S006|C|00063;S007|C|00031;S008|B|00001;S008|B|00006;S008|B|00008;S008|B|00016;S009|B|00007;S010|B|00007;S011|B|00007;S012|B|00003;S012|B|00004;S013|B|00007;S014|B|00007;S015|B|00007
r0.40_a0.9_b0.9,16,formal sampled,23,66.30275755792587,41814.92319922041,S001|C|01022;S001|C|31745;S002|B|00024;S002|B|00036;S002|C|00195;S003|C|00054;S003|C|00201;S004|C|00024;S004|C|00039;S005|C|00063;S006|C|00063;S007|C|00031;S008|B|00001;S008|B|00006;S008|B|00008;S008|B|00016;S009|B|00007;S010|B|00007;S011|B|00007;S012|C|00007;S013|B|00007;S014|B|00007;S015|B|00007
r0.40_a0.9_b0.9,17,formal sampled,23,66.30316403526126,41808.92319922041,S001|C|01022;S001|C|31745;S002|B|00011;S002|B|00132;S002|C|00112;S003|C|00054;S003|C|00201;S004|C|00024;S004|C|00039;S005|C|00063;S006|C|00063;S007|C|00031;S008|B|00001;S008|B|00006;S008|B|00008;S008|B|00016;S009|B|00007;S010|B|00007;S011|B|00007;S012|C|00007;S013|B|00007;S014|B|00007;S015|B|00007
r0.40_a0.9_b0.9,18,formal sampled,23,66.34133682444337,41757.83489382418,S001|C|01022;S001|C|31745;S002|B|00024;S002|B|00036;S002|C|00195;S003|C|00054;S003|C|00201;S004|C|00024;S004|C|00039;S005|C|00063;S006|C|00063;S007|C|00031;S008|B|00006;S008|B|00008;S008|C|00017;S009|B|00007;S010|B|00007;S011|B|00007;S012|B|00003;S012|B|00004;S013|B|00007;S014|B|00007;S015|B|00007
r0.40_a0.9_b0.9,19,formal sampled,23,66.34174330177875,41751.83489382418,S001|C|01022;S001|C|31745;S002|B|00011;S002|B|00132;S002|C|00112;S003|C|00054;S003|C|00201;S004|C|00024;S004|C|00039;S005|C|00063;S006|C|00063;S007|C|00031;S008|B|00006;S008|B|00008;S008|C|00017;S009|B|00007;S010|B|00007;S011|B|00007;S012|B|00003;S012|B|00004;S013|B|00007;S014|B|00007;S015|B|00007
r0.40_a0.9_b0.9,20,formal sampled,23,66.39465822680144,41750.09731983565,S001|C|01022;S001|C|31745;S002|B|00011;S002|B|00132;S002|C|00112;S003|C|00054;S003|C|00201;S004|B|00003;S004|B|00036;S004|C|00024;S005|C|00063;S006|C|00063;S007|C|00031;S008|C|00014;S008|C|00017;S009|B|00007;S010|B|00007;S011|B|00007;S012|B|00003;S012|B|00004;S013|B|00007;S014|B|00007;S015|B|00007
r0.40_a0.9_b0.9,21,formal sampled,23,66.39650243810719,41670.526518683604,S001|C|01022;S001|C|31745;S002|B|00024;S002|B|00036;S002|B|00066;S002|B|00129;S003|C|00054;S003|C|00201;S004|C|00024;S004|C|00039;S005|C|00063;S006|C|00063;S007|C|00031;S008|B|00006;S008|B|00008;S008|C|00017;S009|B|00007;S010|B|00007;S011|B|00007;S012|C|00007;S013|B|00007;S014|B|00007;S015|B|00007
r0.40_a0.9_b0.9,22,formal sampled,23,66.43570155088615,41619.43821328739,S001|C|01022;S001|C|31745;S002|B|00024;S002|B|00036;S002|B|00066;S002|B|00129;S003|C|00054;S003|C|00201;S004|C|00024;S004|C|00039;S005|C|00063;S006|C|00063;S007|C|00031;S008|C|00014;S008|C|00017;S009|B|00007;S010|B|00007;S011|B|00007;S012|B|00003;S012|B|00004;S013|B|00007;S014|B|00007;S015|B|00007
r0.40_a0.9_b0.9,23,formal sampled,24,66.11107148844638,43582.46653011437,S001|C|01022;S001|C|31745;S002|C|00054;S002|C|00201;S003|C|00054;S003|C|00201;S004|B|00003;S004|B|00008;S004|C|00052;S005|C|00063;S006|C|00063;S007|C|00031;S008|B|00001;S008|B|00006;S008|B|00008;S008|B|00016;S009|B|00007;S010|B|00007;S011|B|00007;S012|B|00003;S012|B|00004;S013|B|00007;S014|B|00007;S015|B|00007
r0.40_a0.9_b0.9,24,formal sampled,24,66.12518843677874,43576.46653011437,S001|C|01022;S001|C|31745;S002|C|00054;S002|C|00201;S003|C|00054;S003|C|00201;S004|B|00003;S004|B|00036;S004|C|00024;S005|C|00063;S006|C|00063;S007|C|00031;S008|B|00001;S008|B|00006;S008|B|00008;S008|B|00016;S009|B|00007;S010|B|00007;S011|B|00007;S012|B|00003;S012|B|00004;S013|B|00007;S014|B|00007;S015|B|00007
r0.40_a0.9_b0.9,25,formal sampled,24,66.13357223356174,43495.15815497379,S001|C|01022;S001|C|31745;S002|B|00024;S002|B|00036;S002|C|00195;S003|C|00054;S003|C|00201;S004|B|00003;S004|B|00008;S004|C|00052;S005|C|00063;S006|C|00063;S007|C|00031;S008|B|00001;S008|B|00006;S008|B|00008;S008|B|00016;S009|B|00007;S010|B|00007;S011|B|00007;S012|C|00007;S013|B|00007;S014|B|00007;S015|B|00007
r0.40_a0.9_b0.9,26,formal sampled,24,66.13397336965035,43439.8074235661,S001|C|01022;S001|C|31745;S002|B|00024;S002|B|00036;S002|C|00195;S003|C|00054;S003|C|00201;S004|C|00024;S004|C|00039;S005|C|00063;S006|C|00063;S007|C|00031;S008|B|00001;S008|B|00006;S008|B|00008;S008|B|00016;S009|B|00007;S010|B|00007;S011|B|00007;S012|B|00003;S012|B|00004;S013|B|00007;S014|B|00007;S015|B|00007
r0.40_a0.9_b0.9,27,formal sampled,24,66.13437984698574,43433.8074235661,S001|C|01022;S001|C|31745;S002|B|00011;S002|B|00132;S002|C|00112;S003|C|00054;S003|C|00201;S004|C|00024;S004|C|00039;S005|C|00063;S006|C|00063;S007|C|00031;S008|B|00001;S008|B|00006;S008|B|00008;S008|B|00016;S009|B|00007;S010|B|00007;S011|B|00007;S012|B|00003;S012|B|00004;S013|B|00007;S014|B|00007;S015|B|00007
r0.40_a0.9_b0.9,28,formal sampled,24,66.17255797741461,43432.069849577565,S001|C|01022;S001|C|31745;S002|B|00011;S002|B|00132;S002|C|00112;S003|C|00054;S003|C|00201;S004|B|00003;S004|B|00008;S004|C|00052;S005|C|00063;S006|C|00063;S007|C|00031;S008|B|00006;S008|B|00008;S008|C|00017;S009|B|00007;S010|B|00007;S011|B|00007;S012|B|00003;S012|B|00004;S013|B|00007;S014|B|00007;S015|B|00007
r0.40_a0.9_b0.9,29,formal sampled,24,66.18667492574697,43426.069849577565,S001|C|01022;S001|C|31745;S002|B|00011;S002|B|00132;S002|C|00112;S003|C|00054;S003|C|00201;S004|B|00003;S004|B|00036;S004|C|00024;S005|C|00063;S006|C|00063;S007|C|00031;S008|B|00006;S008|B|00008;S008|C|00017;S009|B|00007;S010|B|00007;S011|B|00007;S012|B|00003;S012|B|00004;S013|B|00007;S014|B|00007;S015|B|00007
r0.40_a0.9_b0.9,30,formal sampled,24,66.18913898331418,43352.499048425525,S001|C|01022;S001|C|31745;S002|B|00024;S002|B|00036;S002|B|00066;S002|B|00129;S003|C|00054;S003|C|00201;S004|C|00024;S004|C|00039;S005|C|00063;S006|C|00063;S007|C|00031;S008|B|00001;S008|B|00006;S008|B|00008;S008|B|00016;S009|B|00007;S010|B|00007;S011|B|00007;S012|C|00007;S013|B|00007;S014|B|00007;S015|B|00007
r0.40_a0.9_b0.9,31,formal sampled,24,66.22731711374306,43350.76147443699,S001|C|01022;S001|C|31745;S002|B|00024;S002|B|00036;S002|B|00066;S002|B|00129;S003|C|00054;S003|C|00201;S004|B|00003;S004|B|00008;S004|C|00052;S005|C|00063;S006|C|00063;S007|C|00031;S008|B|00006;S008|B|00008;S008|C|00017;S009|B|00007;S010|B|00007;S011|B|00007;S012|C|00007;S013|B|00007;S014|B|00007;S015|B|00007
r0.40_a0.9_b0.9,32,formal sampled,24,66.22771824983168,43295.4107430293,S001|C|01022;S001|C|31745;S002|B|00024;S002|B|00036;S002|B|00066;S002|B|00129;S003|C|00054;S003|C|00201;S004|C|00024;S004|C|00039;S005|C|00063;S006|C|00063;S007|C|00031;S008|B|00006;S008|B|00008;S008|C|00017;S009|B|00007;S010|B|00007;S011|B|00007;S012|B|00003;S012|B|00004;S013|B|00007;S014|B|00007;S015|B|00007
r0.40_a0.9_b0.9,33,formal sampled,25,65.9560031124146,45262.70148586775,S001|C|01022;S001|C|31745;S002|C|00054;S002|C|00201;S003|C|00054;S003|C|00201;S004|B|00003;S004|B|00008;S004|B|00016;S004|B|00036;S005|C|00063;S006|C|00063;S007|C|00031;S008|B|00001;S008|B|00006;S008|B|00008;S008|B|00016;S009|B|00007;S010|B|00007;S011|B|00007;S012|B|00003;S012|B|00004;S013|B|00007;S014|B|00007;S015|B|00007
r0.40_a0.9_b0.9,34,formal sampled,25,65.96478804528621,45120.04237931948,S001|C|01022;S001|C|31745;S002|B|00024;S002|B|00036;S002|C|00195;S003|C|00054;S003|C|00201;S004|B|00003;S004|B|00008;S004|C|00052;S005|C|00063;S006|C|00063;S007|C|00031;S008|B|00001;S008|B|00006;S008|B|00008;S008|B|00016;S009|B|00007;S010|B|00007;S011|B|00007;S012|B|00003;S012|B|00004;S013|B|00007;S014|B|00007;S015|B|00007
r0.40_a0.9_b0.9,35,formal sampled,25,65.9651945226216,45114.04237931948,S001|C|01022;S001|C|31745;S002|B|00011;S002|B|00132;S002|C|00112;S003|C|00054;S003|C|00201;S004|B|00003;S004|B|00008;S004|C|00052;S005|C|00063;S006|C|00063;S007|C|00031;S008|B|00001;S008|B|00006;S008|B|00008;S008|B|00016;S009|B|00007;S010|B|00007;S011|B|00007;S012|B|00003;S012|B|00004;S013|B|00007;S014|B|00007;S015|B|00007
r0.40_a0.9_b0.9,36,formal sampled,25,65.97931147095395,45108.04237931948,S001|C|01022;S001|C|31745;S002|B|00011;S002|B|00132;S002|C|00112;S003|C|00054;S003|C|00201;S004|B|00003;S004|B|00036;S004|C|00024;S005|C|00063;S006|C|00063;S007|C|00031;S008|B|00001;S008|B|00006;S008|B|00008;S008|B|00016;S009|B|00007;S010|B|00007;S011|B|00007;S012|B|00003;S012|B|00004;S013|B|00007;S014|B|00007;S015|B|00007
r0.40_a0.9_b0.9,37,formal sampled,25,66.01995365895004,45032.73400417891,S001|C|01022;S001|C|31745;S002|B|00024;S002|B|00036;S002|B|00066;S002|B|00129;S003|C|00054;S003|C|00201;S004|B|00003;S004|B|00008;S004|C|00052;S005|C|00063;S006|C|00063;S007|C|00031;S008|B|00001;S008|B|00006;S008|B|00008;S008|B|00016;S009|B|00007;S010|B|00007;S011|B|00007;S012|C|00007;S013|B|00007;S014|B|00007;S015|B|00007
r0.40_a0.9_b0.9,38,formal sampled,25,66.02035479503866,44977.383272771214,S001|C|01022;S001|C|31745;S002|B|00024;S002|B|00036;S002|B|00066;S002|B|00129;S003|C|00054;S003|C|00201;S004|C|00024;S004|C|00039;S005|C|00063;S006|C|00063;S007|C|00031;S008|B|00001;S008|B|00006;S008|B|00008;S008|B|00016;S009|B|00007;S010|B|00007;S011|B|00007;S012|B|00003;S012|B|00004;S013|B|00007;S014|B|00007;S015|B|00007
r0.40_a0.9_b0.9,39,formal sampled,25,66.05853292546755,44975.64569878268,S001|C|01022;S001|C|31745;S002|B|00024;S002|B|00036;S002|B|00066;S002|B|00129;S003|C|00054;S003|C|00201;S004|B|00003;S004|B|00008;S004|C|00052;S005|C|00063;S006|C|00063;S007|C|00031;S008|B|00006;S008|B|00008;S008|C|00017;S009|B|00007;S010|B|00007;S011|B|00007;S012|B|00003;S012|B|00004;S013|B|00007;S014|B|00007;S015|B|00007
r0.40_a0.9_b0.9,40,formal sampled,25,66.07264987379989,44969.64569878268,S001|C|01022;S001|C|31745;S002|B|00024;S002|B|00036;S002|B|00066;S002|B|00129;S003|C|00054;S003|C|00201;S004|B|00003;S004|B|00036;S004|C|00024;S005|C|00063;S006|C|00063;S007|C|00031;S008|B|00006;S008|B|00008;S008|C|00017;S009|B|00007;S010|B|00007;S011|B|00007;S012|B|00003;S012|B|00004;S013|B|00007;S014|B|00007;S015|B|00007
r0.40_a0.9_b0.9,41,formal sampled,26,65.80971966925443,46800.27733507286,S001|C|01022;S001|C|31745;S002|B|00024;S002|B|00036;S002|C|00195;S003|C|00054;S003|C|00201;S004|B|00003;S004|B|00008;S004|B|00016;S004|B|00036;S005|C|00063;S006|C|00063;S007|C|00031;S008|B|00001;S008|B|00006;S008|B|00008;S008|B|00016;S009|B|00007;S010|B|00007;S011|B|00007;S012|B|00003;S012|B|00004;S013|B|00007;S014|B|00007;S015|B|00007
r0.40_a0.9_b0.9,42,formal sampled,26,65.81012614658981,46794.27733507286,S001|C|01022;S001|C|31745;S002|B|00011;S002|B|00132;S002|C|00112;S003|C|00054;S003|C|00201;S004|B|00003;S004|B|00008;S004|B|00016;S004|B|00036;S005|C|00063;S006|C|00063;S007|C|00031;S008|B|00001;S008|B|00006;S008|B|00008;S008|B|00016;S009|B|00007;S010|B|00007;S011|B|00007;S012|B|00003;S012|B|00004;S013|B|00007;S014|B|00007;S015|B|00007
r0.40_a0.9_b0.9,43,formal sampled,26,65.85116947067452,46657.618228524596,S001|C|01022;S001|C|31745;S002|B|00024;S002|B|00036;S002|B|00066;S002|B|00129;S003|C|00054;S003|C|00201;S004|B|00003;S004|B|00008;S004|C|00052;S005|C|00063;S006|C|00063;S007|C|00031;S008|B|00001;S008|B|00006;S008|B|00008;S008|B|00016;S009|B|00007;S010|B|00007;S011|B|00007;S012|B|00003;S012|B|00004;S013|B|00007;S014|B|00007;S015|B|00007
r0.40_a0.9_b0.9,44,formal sampled,26,65.86528641900688,46651.618228524596,S001|C|01022;S001|C|31745;S002|B|00024;S002|B|00036;S002|B|00066;S002|B|00129;S003|C|00054;S003|C|00201;S004|B|00003;S004|B|00036;S004|C|00024;S005|C|00063;S006|C|00063;S007|C|00031;S008|B|00001;S008|B|00006;S008|B|00008;S008|B|00016;S009|B|00007;S010|B|00007;S011|B|00007;S012|B|00003;S012|B|00004;S013|B|00007;S014|B|00007;S015|B|00007
r0.40_a0.9_b0.9,45,formal sampled,27,65.69610109464274,48337.85318427798,S001|C|01022;S001|C|31745;S002|B|00024;S002|B|00036;S002|B|00066;S002|B|00129;S003|C|00054;S003|C|00201;S004|B|00003;S004|B|00008;S004|B|00016;S004|B|00036;S005|C|00063;S006|C|00063;S007|C|00031;S008|B|00001;S008|B|00006;S008|B|00008;S008|B|00016;S009|B|00007;S010|B|00007;S011|B|00007;S012|B|00003;S012|B|00004;S013|B|00007;S014|B|00007;S015|B|00007
r0.40_a0.9_b0.9,46,formal sampled,28,65.63340683216187,50068.82823649266,S001|C|01022;S001|C|31745;S002|B|00024;S002|B|00036;S002|B|00066;S002|B|00129;S003|B|00011;S003|B|00132;S003|C|00112;S004|B|00003;S004|B|00008;S004|B|00016;S004|B|00036;S005|C|00063;S006|C|00063;S007|C|00031;S008|B|00001;S008|B|00006;S008|B|00008;S008|B|00016;S009|B|00007;S010|B|00007;S011|B|00007;S012|B|00003;S012|B|00004;S013|B|00007;S014|B|00007;S015|B|00007
r0.40_a0.9_b0.9,47,formal sampled,29,65.60192850322474,51811.80328870735,S001|C|01022;S001|C|31745;S002|B|00024;S002|B|00036;S002|B|00066;S002|B|00129;S003|B|00024;S003|B|00036;S003|B|00066;S003|B|00129;S004|B|00003;S004|B|00008;S004|B|00016;S004|B|00036;S005|C|00063;S006|C|00063;S007|C|00031;S008|B|00001;S008|B|00006;S008|B|00008;S008|B|00016;S009|B|00007;S010|B|00007;S011|B|00007;S012|B|00003;S012|B|00004;S013|B|00007;S014|B|00007;S015|B|00007
r0.40_a0.9_b1.0,1,formal sampled,20,67.14329877892985,36919.40229053146,S001|C|01022;S001|C|31745;S002|C|00054;S002|C|00201;S003|C|00054;S003|C|00201;S004|C|00024;S004|C|00039;S005|C|00063;S006|C|00063;S007|C|00031;S008|C|00014;S008|C|00017;S009|B|00007;S010|B|00007;S011|B|00007;S012|C|00007;S013|B|00007;S014|B|00007;S015|B|00007
r0.40_a0.9_b1.0,2,formal sampled,21,66.94321337631152,38595.37482027338,S001|C|01022;S001|C|31745;S002|C|00054;S002|C|00201;S003|C|00054;S003|C|00201;S004|C|00024;S004|C|00039;S005|C|00063;S006|C|00063;S007|C|00031;S008|B|00006;S008|B|00008;S008|C|00017;S009|B|00007;S010|B|00007;S011|B|00007;S012|C|00007;S013|B|00007;S014|B|00007;S015|B|00007
r0.40_a0.9_b1.0,3,formal sampled,21,66.98404756018428,38544.28651487716,S001|C|01022;S001|C|31745;S002|C|00054;S002|C|00201;S003|C|00054;S003|C|00201;S004|C|00024;S004|C|00039;S005|C|00063;S006|C|00063;S007|C|00031;S008|C|00014;S008|C|00017;S009|B|00007;S010|B|00007;S011|B|00007;S012|B|00003;S012|B|00004;S013|B|00007;S014|B|00007;S015|B|00007
r0.40_a0.9_b1.0,4,formal sampled,21,67.00317292037742,38456.97813973658,S001|C|01022;S001|C|31745;S002|B|00024;S002|B|00036;S002|C|00195;S003|C|00054;S003|C|00201;S004|C|00024;S004|C|00039;S005|C|00063;S006|C|00063;S007|C|00031;S008|C|00014;S008|C|00017;S009|B|00007;S010|B|00007;S011|B|00007;S012|C|00007;S013|B|00007;S014|B|00007;S015|B|00007
r0.40_a0.9_b1.0,5,formal sampled,21,67.0035793977128,38450.97813973658,S001|C|01022;S001|C|31745;S002|B|00011;S002|B|00132;S002|C|00112;S003|C|00054;S003|C|00201;S004|C|00024;S004|C|00039;S005|C|00063;S006|C|00063;S007|C|00031;S008|C|00014;S008|C|00017;S009|B|00007;S010|B|00007;S011|B|00007;S012|C|00007;S013|B|00007;S014|B|00007;S015|B|00007
r0.40_a0.9_b1.0,6,formal sampled,22,66.74374781995463,40277.34735001529,S001|C|01022;S001|C|31745;S002|C|00054;S002|C|00201;S003|C|00054;S003|C|00201;S004|C|00024;S004|C|00039;S005|C|00063;S006|C|00063;S007|C|00031;S008|B|00001;S008|B|00006;S008|B|00008;S008|B|00016;S009|B|00007;S010|B|00007;S011|B|00007;S012|C|00007;S013|B|00007;S014|B|00007;S015|B|00007
r0.40_a0.9_b1.0,7,formal sampled,22,66.78396215756595,40220.25904461907,S001|C|01022;S001|C|31745;S002|C|00054;S002|C|00201;S003|C|00054;S003|C|00201;S004|C|00024;S004|C|00039;S005|C|00063;S006|C|00063;S007|C|00031;S008|B|00006;S008|B|00008;S008|C|00017;S009|B|00007;S010|B|00007;S011|B|00007;S012|B|00003;S012|B|00004;S013|B|00007;S014|B|00007;S015|B|00007
r0.40_a0.9_b1.0,8,formal sampled,22,66.80308751775908,40132.950669478494,S001|C|01022;S001|C|31745;S002|B|00024;S002|B|00036;S002|C|00195;S003|C|00054;S003|C|00201;S004|C|00024;S004|C|00039;S005|C|00063;S006|C|00063;S007|C|00031;S008|B|00006;S008|B|00008;S008|C|00017;S009|B|00007;S010|B|00007;S011|B|00007;S012|C|00007;S013|B|00007;S014|B|00007;S015|B|00007
r0.40_a0.9_b1.0,9,formal sampled,22,66.80349399509446,40126.950669478494,S001|C|01022;S001|C|31745;S002|B|00011;S002|B|00132;S002|C|00112;S003|C|00054;S003|C|00201;S004|C|00024;S004|C|00039;S005|C|00063;S006|C|00063;S007|C|00031;S008|B|00006;S008|B|00008;S008|C|00017;S009|B|00007;S010|B|00007;S011|B|00007;S012|C|00007;S013|B|00007;S014|B|00007;S015|B|00007
r0.40_a0.9_b1.0,10,formal sampled,22,66.84392170163186,40081.86236408227,S001|C|01022;S001|C|31745;S002|B|00024;S002|B|00036;S002|C|00195;S003|C|00054;S003|C|00201;S004|C|00024;S004|C|00039;S005|C|00063;S006|C|00063;S007|C|00031;S008|C|00014;S008|C|00017;S009|B|00007;S010|B|00007;S011|B|00007;S012|B|00003;S012|B|00004;S013|B|00007;S014|B|00007;S015|B|00007
r0.40_a0.9_b1.0,11,formal sampled,22,66.84432817896723,40075.86236408227,S001|C|01022;S001|C|31745;S002|B|00011;S002|B|00132;S002|C|00112;S003|C|00054;S003|C|00201;S004|C|00024;S004|C|00039;S005|C|00063;S006|C|00063;S007|C|00031;S008|C|00014;S008|C|00017;S009|B|00007;S010|B|00007;S011|B|00007;S012|B|00003;S012|B|00004;S013|B|00007;S014|B|00007;S015|B|00007
r0.40_a0.9_b1.0,12,formal sampled,22,66.89571193037345,39994.5539889417,S001|C|01022;S001|C|31745;S002|B|00024;S002|B|00036;S002|B|00066;S002|B|00129;S003|C|00054;S003|C|00201;S004|C|00024;S004|C|00039;S005|C|00063;S006|C|00063;S007|C|00031;S008|C|00014;S008|C|00017;S009|B|00007;S010|B|00007;S011|B|00007;S012|C|00007;S013|B|00007;S014|B|00007;S015|B|00007
r0.40_a0.9_b1.0,13,formal sampled,23,66.58449660120907,41902.23157436099,S001|C|01022;S001|C|31745;S002|C|00054;S002|C|00201;S003|C|00054;S003|C|00201;S004|C|00024;S004|C|00039;S005|C|00063;S006|C|00063;S007|C|00031;S008|B|00001;S008|B|00006;S008|B|00008;S008|B|00016;S009|B|00007;S010|B|00007;S011|B|00007;S012|B|00003;S012|B|00004;S013|B|00007;S014|B|00007;S015|B|00007
r0.40_a0.9_b1.0,14,formal sampled,23,66.6036219614022,41814.92319922041,S001|C|01022;S001|C|31745;S002|B|00024;S002|B|00036;S002|C|00195;S003|C|00054;S003|C|00201;S004|C|00024;S004|C|00039;S005|C|00063;S006|C|00063;S007|C|00031;S008|B|00001;S008|B|00006;S008|B|00008;S008|B|00016;S009|B|00007;S010|B|00007;S011|B|00007;S012|C|00007;S013|B|00007;S014|B|00007;S015|B|00007
r0.40_a0.9_b1.0,15,formal sampled,23,66.60402843873757,41808.92319922041,S001|C|01022;S001|C|31745;S002|B|00011;S002|B|00132;S002|C|00112;S003|C|00054;S003|C|00201;S004|C|00024;S004|C|00039;S005|C|00063;S006|C|00063;S007|C|00031;S008|B|00001;S008|B|00006;S008|B|00008;S008|B|00016;S009|B|00007;S010|B|00007;S011|B|00007;S012|C|00007;S013|B|00007;S014|B|00007;S015|B|00007
r0.40_a0.9_b1.0,16,formal sampled,23,66.64383629901351,41757.83489382418,S001|C|01022;S001|C|31745;S002|B|00024;S002|B|00036;S002|C|00195;S003|C|00054;S003|C|00201;S004|C|00024;S004|C|00039;S005|C|00063;S006|C|00063;S007|C|00031;S008|B|00006;S008|B|00008;S008|C|00017;S009|B|00007;S010|B|00007;S011|B|00007;S012|B|00003;S012|B|00004;S013|B|00007;S014|B|00007;S015|B|00007
r0.40_a0.9_b1.0,17,formal sampled,23,66.64424277634889,41751.83489382418,S001|C|01022;S001|C|31745;S002|B|00011;S002|B|00132;S002|C|00112;S003|C|00054;S003|C|00201;S004|C|00024;S004|C|00039;S005|C|00063;S006|C|00063;S007|C|00031;S008|B|00006;S008|B|00008;S008|C|00017;S009|B|00007;S010|B|00007;S011|B|00007;S012|B|00003;S012|B|00004;S013|B|00007;S014|B|00007;S015|B|00007
r0.40_a0.9_b1.0,18,formal sampled,23,66.69562652775512,41670.526518683604,S001|C|01022;S001|C|31745;S002|B|00024;S002|B|00036;S002|B|00066;S002|B|00129;S003|C|00054;S003|C|00201;S004|C|00024;S004|C|00039;S005|C|00063;S006|C|00063;S007|C|00031;S008|B|00006;S008|B|00008;S008|C|00017;S009|B|00007;S010|B|00007;S011|B|00007;S012|C|00007;S013|B|00007;S014|B|00007;S015|B|00007
r0.40_a0.9_b1.0,19,formal sampled,23,66.7364607116279,41619.43821328739,S001|C|01022;S001|C|31745;S002|B|00024;S002|B|00036;S002|B|00066;S002|B|00129;S003|C|00054;S003|C|00201;S004|C|00024;S004|C|00039;S005|C|00063;S006|C|00063;S007|C|00031;S008|C|00014;S008|C|00017;S009|B|00007;S010|B|00007;S011|B|00007;S012|B|00003;S012|B|00004;S013|B|00007;S014|B|00007;S015|B|00007
r0.40_a0.9_b1.0,20,formal sampled,24,66.42533047652724,43582.46653011437,S001|C|01022;S001|C|31745;S002|C|00054;S002|C|00201;S003|C|00054;S003|C|00201;S004|B|00003;S004|B|00008;S004|C|00052;S005|C|00063;S006|C|00063;S007|C|00031;S008|B|00001;S008|B|00006;S008|B|00008;S008|B|00016;S009|B|00007;S010|B|00007;S011|B|00007;S012|B|00003;S012|B|00004;S013|B|00007;S014|B|00007;S015|B|00007
r0.40_a0.9_b1.0,21,formal sampled,24,66.43944742485958,43576.46653011437,S001|C|01022;S001|C|31745;S002|C|00054;S002|C|00201;S003|C|00054;S003|C|00201;S004|B|00003;S004|B|00036;S004|C|00024;S005|C|00063;S006|C|00063;S007|C|00031;S008|B|00001;S008|B|00006;S008|B|00008;S008|B|00016;S009|B|00007;S010|B|00007;S011|B|00007;S012|B|00003;S012|B|00004;S013|B|00007;S014|B|00007;S015|B|00007
r0.40_a0.9_b1.0,22,formal sampled,24,66.44437074265663,43439.8074235661,S001|C|01022;S001|C|31745;S002|B|00024;S002|B|00036;S002|C|00195;S003|C|00054;S003|C|00201;S004|C|00024;S004|C|00039;S005|C|00063;S006|C|00063;S007|C|00031;S008|B|00001;S008|B|00006;S008|B|00008;S008|B|00016;S009|B|00007;S010|B|00007;S011|B|00007;S012|B|00003;S012|B|00004;S013|B|00007;S014|B|00007;S015|B|00007
r0.40_a0.9_b1.0,23,formal sampled,24,66.44477721999202,43433.8074235661,S001|C|01022;S001|C|31745;S002|B|00011;S002|B|00132;S002|C|00112;S003|C|00054;S003|C|00201;S004|C|00024;S004|C|00039;S005|C|00063;S006|C|00063;S007|C|00031;S008|B|00001;S008|B|00006;S008|B|00008;S008|B|00016;S009|B|00007;S010|B|00007;S011|B|00007;S012|B|00003;S012|B|00004;S013|B|00007;S014|B|00007;S015|B|00007
r0.40_a0.9_b1.0,24,formal sampled,24,66.48507665166706,43432.069849577565,S001|C|01022;S001|C|31745;S002|B|00011;S002|B|00132;S002|C|00112;S003|C|00054;S003|C|00201;S004|B|00003;S004|B|00008;S004|C|00052;S005|C|00063;S006|C|00063;S007|C|00031;S008|B|00006;S008|B|00008;S008|C|00017;S009|B|00007;S010|B|00007;S011|B|00007;S012|B|00003;S012|B|00004;S013|B|00007;S014|B|00007;S015|B|00007
r0.40_a0.9_b1.0,25,formal sampled,24,66.49616097139824,43352.499048425525,S001|C|01022;S001|C|31745;S002|B|00024;S002|B|00036;S002|B|00066;S002|B|00129;S003|C|00054;S003|C|00201;S004|C|00024;S004|C|00039;S005|C|00063;S006|C|00063;S007|C|00031;S008|B|00001;S008|B|00006;S008|B|00008;S008|B|00016;S009|B|00007;S010|B|00007;S011|B|00007;S012|C|00007;S013|B|00007;S014|B|00007;S015|B|00007
r0.40_a0.9_b1.0,26,formal sampled,24,66.53637530900956,43295.4107430293,S001|C|01022;S001|C|31745;S002|B|00024;S002|B|00036;S002|B|00066;S002|B|00129;S003|C|00054;S003|C|00201;S004|C|00024;S004|C|00039;S005|C|00063;S006|C|00063;S007|C|00031;S008|B|00006;S008|B|00008;S008|C|00017;S009|B|00007;S010|B|00007;S011|B|00007;S012|B|00003;S012|B|00004;S013|B|00007;S014|B|00007;S015|B|00007
r0.40_a0.9_b1.0,27,formal sampled,25,66.28028130017775,45262.70148586775,S001|C|01022;S001|C|31745;S002|C|00054;S002|C|00201;S003|C|00054;S003|C|00201;S004|B|00003;S004|B|00008;S004|B|00016;S004|B|00036;S005|C|00063;S006|C|00063;S007|C|00031;S008|B|00001;S008|B|00006;S008|B|00008;S008|B|00016;S009|B|00007;S010|B|00007;S011|B|00007;S012|B|00003;S012|B|00004;S013|B|00007;S014|B|00007;S015|B|00007
r0.40_a0.9_b1.0,28,formal sampled,25,66.2852046179748,45120.04237931948,S001|C|01022;S001|C|31745;S002|B|00024;S002|B|00036;S002|C|00195;S003|C|00054;S003|C|00201;S004|B|00003;S004|B|00008;S004|C|00052;S005|C|00063;S006|C|00063;S007|C|00031;S008|B|00001;S008|B|00006;S008|B|00008;S008|B|00016;S009|B|00007;S010|B|00007;S011|B|00007;S012|B|00003;S012|B|00004;S013|B|00007;S014|B|00007;S015|B|00007
r0.40_a0.9_b1.0,29,formal sampled,25,66.28561109531017,45114.04237931948,S001|C|01022;S001|C|31745;S002|B|00011;S002|B|00132;S002|C|00112;S003|C|00054;S003|C|00201;S004|B|00003;S004|B|00008;S004|C|00052;S005|C|00063;S006|C|00063;S007|C|00031;S008|B|00001;S008|B|00006;S008|B|00008;S008|B|00016;S009|B|00007;S010|B|00007;S011|B|00007;S012|B|00003;S012|B|00004;S013|B|00007;S014|B|00007;S015|B|00007
r0.40_a0.9_b1.0,30,formal sampled,25,66.29972804364253,45108.04237931948,S001|C|01022;S001|C|31745;S002|B|00011;S002|B|00132;S002|C|00112;S003|C|00054;S003|C|00201;S004|B|00003;S004|B|00036;S004|C|00024;S005|C|00063;S006|C|00063;S007|C|00031;S008|B|00001;S008|B|00006;S008|B|00008;S008|B|00016;S009|B|00007;S010|B|00007;S011|B|00007;S012|B|00003;S012|B|00004;S013|B|00007;S014|B|00007;S015|B|00007
r0.40_a0.9_b1.0,31,formal sampled,25,66.33690975265267,44977.383272771214,S001|C|01022;S001|C|31745;S002|B|00024;S002|B|00036;S002|B|00066;S002|B|00129;S003|C|00054;S003|C|00201;S004|C|00024;S004|C|00039;S005|C|00063;S006|C|00063;S007|C|00031;S008|B|00001;S008|B|00006;S008|B|00008;S008|B|00016;S009|B|00007;S010|B|00007;S011|B|00007;S012|B|00003;S012|B|00004;S013|B|00007;S014|B|00007;S015|B|00007
r0.40_a0.9_b1.0,32,formal sampled,25,66.37720918432773,44975.64569878268,S001|C|01022;S001|C|31745;S002|B|00024;S002|B|00036;S002|B|00066;S002|B|00129;S003|C|00054;S003|C|00201;S004|B|00003;S004|B|00008;S004|C|00052;S005|C|00063;S006|C|00063;S007|C|00031;S008|B|00006;S008|B|00008;S008|C|00017;S009|B|00007;S010|B|00007;S011|B|00007;S012|B|00003;S012|B|00004;S013|B|00007;S014|B|00007;S015|B|00007
r0.40_a0.9_b1.0,33,formal sampled,25,66.39132613266007,44969.64569878268,S001|C|01022;S001|C|31745;S002|B|00024;S002|B|00036;S002|B|00066;S002|B|00129;S003|C|00054;S003|C|00201;S004|B|00003;S004|B|00036;S004|C|00024;S005|C|00063;S006|C|00063;S007|C|00031;S008|B|00006;S008|B|00008;S008|C|00017;S009|B|00007;S010|B|00007;S011|B|00007;S012|B|00003;S012|B|00004;S013|B|00007;S014|B|00007;S015|B|00007
r0.40_a0.9_b1.0,34,formal sampled,26,66.14015544162531,46800.27733507286,S001|C|01022;S001|C|31745;S002|B|00024;S002|B|00036;S002|C|00195;S003|C|00054;S003|C|00201;S004|B|00003;S004|B|00008;S004|B|00016;S004|B|00036;S005|C|00063;S006|C|00063;S007|C|00031;S008|B|00001;S008|B|00006;S008|B|00008;S008|B|00016;S009|B|00007;S010|B|00007;S011|B|00007;S012|B|00003;S012|B|00004;S013|B|00007;S014|B|00007;S015|B|00007
r0.40_a0.9_b1.0,35,formal sampled,26,66.1405619189607,46794.27733507286,S001|C|01022;S001|C|31745;S002|B|00011;S002|B|00132;S002|C|00112;S003|C|00054;S003|C|00201;S004|B|00003;S004|B|00008;S004|B|00016;S004|B|00036;S005|C|00063;S006|C|00063;S007|C|00031;S008|B|00001;S008|B|00006;S008|B|00008;S008|B|00016;S009|B|00007;S010|B|00007;S011|B|00007;S012|B|00003;S012|B|00004;S013|B|00007;S014|B|00007;S015|B|00007
r0.40_a0.9_b1.0,36,formal sampled,26,66.17774362797084,46657.618228524596,S001|C|01022;S001|C|31745;S002|B|00024;S002|B|00036;S002|B|00066;S002|B|00129;S003|C|00054;S003|C|00201;S004|B|00003;S004|B|00008;S004|C|00052;S005|C|00063;S006|C|00063;S007|C|00031;S008|B|00001;S008|B|00006;S008|B|00008;S008|B|00016;S009|B|00007;S010|B|00007;S011|B|00007;S012|B|00003;S012|B|00004;S013|B|00007;S014|B|00007;S015|B|00007
r0.40_a0.9_b1.0,37,formal sampled,26,66.19186057630318,46651.618228524596,S001|C|01022;S001|C|31745;S002|B|00024;S002|B|00036;S002|B|00066;S002|B|00129;S003|C|00054;S003|C|00201;S004|B|00003;S004|B|00036;S004|C|00024;S005|C|00063;S006|C|00063;S007|C|00031;S008|B|00001;S008|B|00006;S008|B|00008;S008|B|00016;S009|B|00007;S010|B|00007;S011|B|00007;S012|B|00003;S012|B|00004;S013|B|00007;S014|B|00007;S015|B|00007
r0.40_a0.9_b1.0,38,formal sampled,27,66.03269445162135,48337.85318427798,S001|C|01022;S001|C|31745;S002|B|00024;S002|B|00036;S002|B|00066;S002|B|00129;S003|C|00054;S003|C|00201;S004|B|00003;S004|B|00008;S004|B|00016;S004|B|00036;S005|C|00063;S006|C|00063;S007|C|00031;S008|B|00001;S008|B|00006;S008|B|00008;S008|B|00016;S009|B|00007;S010|B|00007;S011|B|00007;S012|B|00003;S012|B|00004;S013|B|00007;S014|B|00007;S015|B|00007
r0.40_a0.9_b1.0,39,formal sampled,28,65.98495371649344,50068.82823649266,S001|C|01022;S001|C|31745;S002|B|00024;S002|B|00036;S002|B|00066;S002|B|00129;S003|B|00011;S003|B|00132;S003|C|00112;S004|B|00003;S004|B|00008;S004|B|00016;S004|B|00036;S005|C|00063;S006|C|00063;S007|C|00031;S008|B|00001;S008|B|00006;S008|B|00008;S008|B|00016;S009|B|00007;S010|B|00007;S011|B|00007;S012|B|00003;S012|B|00004;S013|B|00007;S014|B|00007;S015|B|00007
r0.40_a0.9_b1.1,1,formal sampled,22,69.14129666162458,40489.91791854926,S001|C|01022;S001|C|31745;S002|C|00054;S002|C|00201;S003|B|00016;S003|C|00100;S003|C|00139;S004|C|00024;S004|C|00039;S005|C|00063;S006|C|00063;S007|C|00031;S008|B|00006;S008|B|00008;S008|C|00017;S009|B|00007;S010|B|00007;S011|B|00007;S012|C|00007;S013|B|00007;S014|B|00007;S015|B|00007
r0.40_a0.9_b1.1,2,formal sampled,22,69.14456636365594,40483.91791854926,S001|C|01022;S001|C|31745;S002|C|00054;S002|C|00201;S003|B|00006;S003|C|00056;S003|C|00193;S004|C|00024;S004|C|00039;S005|C|00063;S006|C|00063;S007|C|00031;S008|B|00006;S008|B|00008;S008|C|00017;S009|B|00007;S010|B|00007;S011|B|00007;S012|C|00007;S013|B|00007;S014|B|00007;S015|B|00007
r0.40_a0.9_b1.1,3,formal sampled,22,69.16853856908082,40477.91791854926,S001|C|01022;S001|C|31745;S002|C|00054;S002|C|00201;S003|B|00011;S003|C|00048;S003|C|00196;S004|C|00024;S004|C|00039;S005|C|00063;S006|C|00063;S007|C|00031;S008|B|00006;S008|B|00008;S008|C|00017;S009|B|00007;S010|B|00007;S011|B|00007;S012|C|00007;S013|B|00007;S014|B|00007;S015|B|00007
r0.40_a0.9_b1.1,4,formal sampled,23,68.94972900370384,42171.890448291175,S001|C|01022;S001|C|31745;S002|C|00054;S002|C|00201;S003|B|00016;S003|C|00100;S003|C|00139;S004|C|00024;S004|C|00039;S005|C|00063;S006|C|00063;S007|C|00031;S008|B|00001;S008|B|00006;S008|B|00008;S008|B|00016;S009|B|00007;S010|B|00007;S011|B|00007;S012|C|00007;S013|B|00007;S014|B|00007;S015|B|00007
r0.40_a0.9_b1.1,5,formal sampled,23,68.95299870573518,42165.890448291175,S001|C|01022;S001|C|31745;S002|C|00054;S002|C|00201;S003|B|00006;S003|C|00056;S003|C|00193;S004|C|00024;S004|C|00039;S005|C|00063;S006|C|00063;S007|C|00031;S008|B|00001;S008|B|00006;S008|B|00008;S008|B|00016;S009|B|00007;S010|B|00007;S011|B|00007;S012|C|00007;S013|B|00007;S014|B|00007;S015|B|00007
r0.40_a0.9_b1.1,6,formal sampled,23,68.97697091116008,42159.890448291175,S001|C|01022;S001|C|31745;S002|C|00054;S002|C|00201;S003|B|00011;S003|C|00048;S003|C|00196;S004|C|00024;S004|C|00039;S005|C|00063;S006|C|00063;S007|C|00031;S008|B|00001;S008|B|00006;S008|B|00008;S008|B|00016;S009|B|00007;S010|B|00007;S011|B|00007;S012|C|00007;S013|B|00007;S014|B|00007;S015|B|00007
r0.40_a0.9_b1.1,7,formal sampled,23,68.99157841240898,42114.80214289495,S001|C|01022;S001|C|31745;S002|C|00054;S002|C|00201;S003|B|00016;S003|C|00100;S003|C|00139;S004|C|00024;S004|C|00039;S005|C|00063;S006|C|00063;S007|C|00031;S008|B|00006;S008|B|00008;S008|C|00017;S009|B|00007;S010|B|00007;S011|B|00007;S012|B|00003;S012|B|00004;S013|B|00007;S014|B|00007;S015|B|00007
r0.40_a0.9_b1.1,8,formal sampled,23,68.99484811444033,42108.80214289495,S001|C|01022;S001|C|31745;S002|C|00054;S002|C|00201;S003|B|00006;S003|C|00056;S003|C|00193;S004|C|00024;S004|C|00039;S005|C|00063;S006|C|00063;S007|C|00031;S008|B|00006;S008|B|00008;S008|C|00017;S009|B|00007;S010|B|00007;S011|B|00007;S012|B|00003;S012|B|00004;S013|B|00007;S014|B|00007;S015|B|00007
r0.40_a0.9_b1.1,9,formal sampled,23,69.00732838767989,42027.49376775438,S001|C|01022;S001|C|31745;S002|B|00024;S002|B|00036;S002|C|00195;S003|B|00016;S003|C|00100;S003|C|00139;S004|C|00024;S004|C|00039;S005|C|00063;S006|C|00063;S007|C|00031;S008|B|00006;S008|B|00008;S008|C|00017;S009|B|00007;S010|B|00007;S011|B|00007;S012|C|00007;S013|B|00007;S014|B|00007;S015|B|00007
r0.40_a0.9_b1.1,10,formal sampled,23,69.00773486501527,42021.49376775438,S001|C|01022;S001|C|31745;S002|B|00011;S002|B|00132;S002|C|00112;S003|B|00016;S003|C|00100;S003|C|00139;S004|C|00024;S004|C|00039;S005|C|00063;S006|C|00063;S007|C|00031;S008|B|00006;S008|B|00008;S008|C|00017;S009|B|00007;S010|B|00007;S011|B|00007;S012|C|00007;S013|B|00007;S014|B|00007;S015|B|00007
r0.40_a0.9_b1.1,11,formal sampled,23,69.01100456704663,42015.49376775438,S001|C|01022;S001|C|31745;S002|B|00011;S002|B|00132;S002|C|00112;S003|B|00006;S003|C|00056;S003|C|00193;S004|C|00024;S004|C|00039;S005|C|00063;S006|C|00063;S007|C|00031;S008|B|00006;S008|B|00008;S008|C|00017;S009|B|00007;S010|B|00007;S011|B|00007;S012|C|00007;S013|B|00007;S014|B|00007;S015|B|00007
r0.40_a0.9_b1.1,12,formal sampled,23,69.03497677247151,42009.49376775438,S001|C|01022;S001|C|31745;S002|B|00011;S002|B|00132;S002|C|00112;S003|B|00011;S003|C|00048;S003|C|00196;S004|C|00024;S004|C|00039;S005|C|00063;S006|C|00063;S007|C|00031;S008|B|00006;S008|B|00008;S008|C|00017;S009|B|00007;S010|B|00007;S011|B|00007;S012|C|00007;S013|B|00007;S014|B|00007;S015|B|00007
r0.40_a0.9_b1.1,13,formal sampled,24,68.80001075448823,43796.774672636864,S001|C|01022;S001|C|31745;S002|C|00054;S002|C|00201;S003|B|00016;S003|C|00100;S003|C|00139;S004|C|00024;S004|C|00039;S005|C|00063;S006|C|00063;S007|C|00031;S008|B|00001;S008|B|00006;S008|B|00008;S008|B|00016;S009|B|00007;S010|B|00007;S011|B|00007;S012|B|00003;S012|B|00004;S013|B|00007;S014|B|00007;S015|B|00007
r0.40_a0.9_b1.1,14,formal sampled,24,68.80328045651957,43790.774672636864,S001|C|01022;S001|C|31745;S002|C|00054;S002|C|00201;S003|B|00006;S003|C|00056;S003|C|00193;S004|C|00024;S004|C|00039;S005|C|00063;S006|C|00063;S007|C|00031;S008|B|00001;S008|B|00006;S008|B|00008;S008|B|00016;S009|B|00007;S010|B|00007;S011|B|00007;S012|B|00003;S012|B|00004;S013|B|00007;S014|B|00007;S015|B|00007
r0.40_a0.9_b1.1,15,formal sampled,24,68.81576072975913,43709.46629749629,S001|C|01022;S001|C|31745;S002|B|00024;S002|B|00036;S002|C|00195;S003|B|00016;S003|C|00100;S003|C|00139;S004|C|00024;S004|C|00039;S005|C|00063;S006|C|00063;S007|C|00031;S008|B|00001;S008|B|00006;S008|B|00008;S008|B|00016;S009|B|00007;S010|B|00007;S011|B|00007;S012|C|00007;S013|B|00007;S014|B|00007;S015|B|00007
r0.40_a0.9_b1.1,16,formal sampled,24,68.81616720709452,43703.46629749629,S001|C|01022;S001|C|31745;S002|B|00011;S002|B|00132;S002|C|00112;S003|B|00016;S003|C|00100;S003|C|00139;S004|C|00024;S004|C|00039;S005|C|00063;S006|C|00063;S007|C|00031;S008|B|00001;S008|B|00006;S008|B|00008;S008|B|00016;S009|B|00007;S010|B|00007;S011|B|00007;S012|C|00007;S013|B|00007;S014|B|00007;S015|B|00007
r0.40_a0.9_b1.1,17,formal sampled,24,68.81943690912587,43697.46629749629,S001|C|01022;S001|C|31745;S002|B|00011;S002|B|00132;S002|C|00112;S003|B|00006;S003|C|00056;S003|C|00193;S004|C|00024;S004|C|00039;S005|C|00063;S006|C|00063;S007|C|00031;S008|B|00001;S008|B|00006;S008|B|00008;S008|B|00016;S009|B|00007;S010|B|00007;S011|B|00007;S012|C|00007;S013|B|00007;S014|B|00007;S015|B|00007
r0.40_a0.9_b1.1,18,formal sampled,24,68.84340911455077,43691.46629749629,S001|C|01022;S001|C|31745;S002|B|00011;S002|B|00132;S002|C|00112;S003|B|00011;S003|C|00048;S003|C|00196;S004|C|00024;S004|C|00039;S005|C|00063;S006|C|00063;S007|C|00031;S008|B|00001;S008|B|00006;S008|B|00008;S008|B|00016;S009|B|00007;S010|B|00007;S011|B|00007;S012|C|00007;S013|B|00007;S014|B|00007;S015|B|00007
r0.40_a0.9_b1.1,19,formal sampled,24,68.85761013846428,43652.37799210007,S001|C|01022;S001|C|31745;S002|B|00024;S002|B|00036;S002|C|00195;S003|B|00016;S003|C|00100;S003|C|00139;S004|C|00024;S004|C|00039;S005|C|00063;S006|C|00063;S007|C|00031;S008|B|00006;S008|B|00008;S008|C|00017;S009|B|00007;S010|B|00007;S011|B|00007;S012|B|00003;S012|B|00004;S013|B|00007;S014|B|00007;S015|B|00007
r0.40_a0.9_b1.1,20,formal sampled,24,68.85801661579967,43646.37799210007,S001|C|01022;S001|C|31745;S002|B|00011;S002|B|00132;S002|C|00112;S003|B|00016;S003|C|00100;S003|C|00139;S004|C|00024;S004|C|00039;S005|C|00063;S006|C|00063;S007|C|00031;S008|B|00006;S008|B|00008;S008|C|00017;S009|B|00007;S010|B|00007;S011|B|00007;S012|B|00003;S012|B|00004;S013|B|00007;S014|B|00007;S015|B|00007
r0.40_a0.9_b1.1,21,formal sampled,24,68.86128631783102,43640.37799210007,S001|C|01022;S001|C|31745;S002|B|00011;S002|B|00132;S002|C|00112;S003|B|00006;S003|C|00056;S003|C|00193;S004|C|00024;S004|C|00039;S005|C|00063;S006|C|00063;S007|C|00031;S008|B|00006;S008|B|00008;S008|C|00017;S009|B|00007;S010|B|00007;S011|B|00007;S012|B|00003;S012|B|00004;S013|B|00007;S014|B|00007;S015|B|00007
r0.40_a0.9_b1.1,22,formal sampled,24,68.88525852325591,43634.37799210007,S001|C|01022;S001|C|31745;S002|B|00011;S002|B|00132;S002|C|00112;S003|B|00011;S003|C|00048;S003|C|00196;S004|C|00024;S004|C|00039;S005|C|00063;S006|C|00063;S007|C|00031;S008|B|00006;S008|B|00008;S008|C|00017;S009|B|00007;S010|B|00007;S011|B|00007;S012|B|00003;S012|B|00004;S013|B|00007;S014|B|00007;S015|B|00007
r0.40_a0.9_b1.1,23,formal sampled,24,68.90602498228367,43565.06961695949,S001|C|01022;S001|C|31745;S002|B|00024;S002|B|00036;S002|B|00066;S002|B|00129;S003|B|00016;S003|C|00100;S003|C|00139;S004|C|00024;S004|C|00039;S005|C|00063;S006|C|00063;S007|C|00031;S008|B|00006;S008|B|00008;S008|C|00017;S009|B|00007;S010|B|00007;S011|B|00007;S012|C|00007;S013|B|00007;S014|B|00007;S015|B|00007
r0.40_a0.9_b1.1,24,formal sampled,24,68.90929468431501,43559.06961695949,S001|C|01022;S001|C|31745;S002|B|00024;S002|B|00036;S002|B|00066;S002|B|00129;S003|B|00006;S003|C|00056;S003|C|00193;S004|C|00024;S004|C|00039;S005|C|00063;S006|C|00063;S007|C|00031;S008|B|00006;S008|B|00008;S008|C|00017;S009|B|00007;S010|B|00007;S011|B|00007;S012|C|00007;S013|B|00007;S014|B|00007;S015|B|00007
r0.40_a0.9_b1.1,25,formal sampled,24,68.93326688973991,43553.06961695949,S001|C|01022;S001|C|31745;S002|B|00024;S002|B|00036;S002|B|00066;S002|B|00129;S003|B|00011;S003|C|00048;S003|C|00196;S004|C|00024;S004|C|00039;S005|C|00063;S006|C|00063;S007|C|00031;S008|B|00006;S008|B|00008;S008|C|00017;S009|B|00007;S010|B|00007;S011|B|00007;S012|C|00007;S013|B|00007;S014|B|00007;S015|B|00007
r0.40_a0.9_b1.1,26,formal sampled,25,68.65086382948869,45477.009628390246,S001|C|01022;S001|C|31745;S002|C|00054;S002|C|00201;S003|B|00016;S003|C|00100;S003|C|00139;S004|B|00003;S004|B|00008;S004|C|00052;S005|C|00063;S006|C|00063;S007|C|00031;S008|B|00001;S008|B|00006;S008|B|00008;S008|B|00016;S009|B|00007;S010|B|00007;S011|B|00007;S012|B|00003;S012|B|00004;S013|B|00007;S014|B|00007;S015|B|00007
r0.40_a0.9_b1.1,27,formal sampled,25,68.65413353152005,45471.009628390246,S001|C|01022;S001|C|31745;S002|C|00054;S002|C|00201;S003|B|00006;S003|C|00056;S003|C|00193;S004|B|00003;S004|B|00008;S004|C|00052;S005|C|00063;S006|C|00063;S007|C|00031;S008|B|00001;S008|B|00006;S008|B|00008;S008|B|00016;S009|B|00007;S010|B|00007;S011|B|00007;S012|B|00003;S012|B|00004;S013|B|00007;S014|B|00007;S015|B|00007
r0.40_a0.9_b1.1,28,formal sampled,25,68.66604248054352,45334.35052184198,S001|C|01022;S001|C|31745;S002|B|00024;S002|B|00036;S002|C|00195;S003|B|00016;S003|C|00100;S003|C|00139;S004|C|00024;S004|C|00039;S005|C|00063;S006|C|00063;S007|C|00031;S008|B|00001;S008|B|00006;S008|B|00008;S008|B|00016;S009|B|00007;S010|B|00007;S011|B|00007;S012|B|00003;S012|B|00004;S013|B|00007;S014|B|00007;S015|B|00007
r0.40_a0.9_b1.1,29,formal sampled,25,68.66644895787891,45328.35052184198,S001|C|01022;S001|C|31745;S002|B|00011;S002|B|00132;S002|C|00112;S003|B|00016;S003|C|00100;S003|C|00139;S004|C|00024;S004|C|00039;S005|C|00063;S006|C|00063;S007|C|00031;S008|B|00001;S008|B|00006;S008|B|00008;S008|B|00016;S009|B|00007;S010|B|00007;S011|B|00007;S012|B|00003;S012|B|00004;S013|B|00007;S014|B|00007;S015|B|00007
r0.40_a0.9_b1.1,30,formal sampled,25,68.66971865991026,45322.35052184198,S001|C|01022;S001|C|31745;S002|B|00011;S002|B|00132;S002|C|00112;S003|B|00006;S003|C|00056;S003|C|00193;S004|C|00024;S004|C|00039;S005|C|00063;S006|C|00063;S007|C|00031;S008|B|00001;S008|B|00006;S008|B|00008;S008|B|00016;S009|B|00007;S010|B|00007;S011|B|00007;S012|B|00003;S012|B|00004;S013|B|00007;S014|B|00007;S015|B|00007
r0.40_a0.9_b1.1,31,formal sampled,25,68.69369086533516,45316.35052184198,S001|C|01022;S001|C|31745;S002|B|00011;S002|B|00132;S002|C|00112;S003|B|00011;S003|C|00048;S003|C|00196;S004|C|00024;S004|C|00039;S005|C|00063;S006|C|00063;S007|C|00031;S008|B|00001;S008|B|00006;S008|B|00008;S008|B|00016;S009|B|00007;S010|B|00007;S011|B|00007;S012|B|00003;S012|B|00004;S013|B|00007;S014|B|00007;S015|B|00007
r0.40_a0.9_b1.1,32,formal sampled,25,68.71445732436291,45247.0421467014,S001|C|01022;S001|C|31745;S002|B|00024;S002|B|00036;S002|B|00066;S002|B|00129;S003|B|00016;S003|C|00100;S003|C|00139;S004|C|00024;S004|C|00039;S005|C|00063;S006|C|00063;S007|C|00031;S008|B|00001;S008|B|00006;S008|B|00008;S008|B|00016;S009|B|00007;S010|B|00007;S011|B|00007;S012|C|00007;S013|B|00007;S014|B|00007;S015|B|00007
r0.40_a0.9_b1.1,33,formal sampled,25,68.71772702639426,45241.0421467014,S001|C|01022;S001|C|31745;S002|B|00024;S002|B|00036;S002|B|00066;S002|B|00129;S003|B|00006;S003|C|00056;S003|C|00193;S004|C|00024;S004|C|00039;S005|C|00063;S006|C|00063;S007|C|00031;S008|B|00001;S008|B|00006;S008|B|00008;S008|B|00016;S009|B|00007;S010|B|00007;S011|B|00007;S012|C|00007;S013|B|00007;S014|B|00007;S015|B|00007
r0.40_a0.9_b1.1,34,formal sampled,25,68.74169923181915,45235.0421467014,S001|C|01022;S001|C|31745;S002|B|00024;S002|B|00036;S002|B|00066;S002|B|00129;S003|B|00011;S003|C|00048;S003|C|00196;S004|C|00024;S004|C|00039;S005|C|00063;S006|C|00063;S007|C|00031;S008|B|00001;S008|B|00006;S008|B|00008;S008|B|00016;S009|B|00007;S010|B|00007;S011|B|00007;S012|C|00007;S013|B|00007;S014|B|00007;S015|B|00007
r0.40_a0.9_b1.1,35,formal sampled,25,68.75630673306806,45189.953841305185,S001|C|01022;S001|C|31745;S002|B|00024;S002|B|00036;S002|B|00066;S002|B|00129;S003|B|00016;S003|C|00100;S003|C|00139;S004|C|00024;S004|C|00039;S005|C|00063;S006|C|00063;S007|C|00031;S008|B|00006;S008|B|00008;S008|C|00017;S009|B|00007;S010|B|00007;S011|B|00007;S012|B|00003;S012|B|00004;S013|B|00007;S014|B|00007;S015|B|00007
r0.40_a0.9_b1.1,36,formal sampled,25,68.7595764350994,45183.953841305185,S001|C|01022;S001|C|31745;S002|B|00024;S002|B|00036;S002|B|00066;S002|B|00129;S003|B|00006;S003|C|00056;S003|C|00193;S004|C|00024;S004|C|00039;S005|C|00063;S006|C|00063;S007|C|00031;S008|B|00006;S008|B|00008;S008|C|00017;S009|B|00007;S010|B|00007;S011|B|00007;S012|B|00003;S012|B|00004;S013|B|00007;S014|B|00007;S015|B|00007
r0.40_a0.9_b1.1,37,formal sampled,25,68.7835486405243,45177.953841305185,S001|C|01022;S001|C|31745;S002|B|00024;S002|B|00036;S002|B|00066;S002|B|00129;S003|B|00011;S003|C|00048;S003|C|00196;S004|C|00024;S004|C|00039;S005|C|00063;S006|C|00063;S007|C|00031;S008|B|00006;S008|B|00008;S008|C|00017;S009|B|00007;S010|B|00007;S011|B|00007;S012|B|00003;S012|B|00004;S013|B|00007;S014|B|00007;S015|B|00007
r0.40_a0.9_b1.1,38,formal sampled,26,68.5158338528215,47157.24458414363,S001|C|01022;S001|C|31745;S002|C|00054;S002|C|00201;S003|B|00016;S003|C|00100;S003|C|00139;S004|B|00003;S004|B|00008;S004|B|00016;S004|B|00036;S005|C|00063;S006|C|00063;S007|C|00031;S008|B|00001;S008|B|00006;S008|B|00008;S008|B|00016;S009|B|00007;S010|B|00007;S011|B|00007;S012|B|00003;S012|B|00004;S013|B|00007;S014|B|00007;S015|B|00007
r0.40_a0.9_b1.1,39,formal sampled,26,68.516895555544,47014.58547759536,S001|C|01022;S001|C|31745;S002|B|00024;S002|B|00036;S002|C|00195;S003|B|00016;S003|C|00100;S003|C|00139;S004|B|00003;S004|B|00008;S004|C|00052;S005|C|00063;S006|C|00063;S007|C|00031;S008|B|00001;S008|B|00006;S008|B|00008;S008|B|00016;S009|B|00007;S010|B|00007;S011|B|00007;S012|B|00003;S012|B|00004;S013|B|00007;S014|B|00007;S015|B|00007
r0.40_a0.9_b1.1,40,formal sampled,26,68.51730203287937,47008.58547759536,S001|C|01022;S001|C|31745;S002|B|00011;S002|B|00132;S002|C|00112;S003|B|00016;S003|C|00100;S003|C|00139;S004|B|00003;S004|B|00008;S004|C|00052;S005|C|00063;S006|C|00063;S007|C|00031;S008|B|00001;S008|B|00006;S008|B|00008;S008|B|00016;S009|B|00007;S010|B|00007;S011|B|00007;S012|B|00003;S012|B|00004;S013|B|00007;S014|B|00007;S015|B|00007
r0.40_a0.9_b1.1,41,formal sampled,26,68.52057173491073,47002.58547759536,S001|C|01022;S001|C|31745;S002|B|00011;S002|B|00132;S002|C|00112;S003|B|00006;S003|C|00056;S003|C|00193;S004|B|00003;S004|B|00008;S004|C|00052;S005|C|00063;S006|C|00063;S007|C|00031;S008|B|00001;S008|B|00006;S008|B|00008;S008|B|00016;S009|B|00007;S010|B|00007;S011|B|00007;S012|B|00003;S012|B|00004;S013|B|00007;S014|B|00007;S015|B|00007
r0.40_a0.9_b1.1,42,formal sampled,26,68.53468868324308,46996.58547759536,S001|C|01022;S001|C|31745;S002|B|00011;S002|B|00132;S002|C|00112;S003|B|00006;S003|C|00056;S003|C|00193;S004|B|00003;S004|B|00036;S004|C|00024;S005|C|00063;S006|C|00063;S007|C|00031;S008|B|00001;S008|B|00006;S008|B|00008;S008|B|00016;S009|B|00007;S010|B|00007;S011|B|00007;S012|B|00003;S012|B|00004;S013|B|00007;S014|B|00007;S015|B|00007
r0.40_a0.9_b1.1,43,formal sampled,26,68.55866088866797,46990.58547759536,S001|C|01022;S001|C|31745;S002|B|00011;S002|B|00132;S002|C|00112;S003|B|00011;S003|C|00048;S003|C|00196;S004|B|00003;S004|B|00036;S004|C|00024;S005|C|00063;S006|C|00063;S007|C|00031;S008|B|00001;S008|B|00006;S008|B|00008;S008|B|00016;S009|B|00007;S010|B|00007;S011|B|00007;S012|B|00003;S012|B|00004;S013|B|00007;S014|B|00007;S015|B|00007
r0.40_a0.9_b1.1,44,formal sampled,26,68.5647390751473,46871.9263710471,S001|C|01022;S001|C|31745;S002|B|00024;S002|B|00036;S002|B|00066;S002|B|00129;S003|B|00016;S003|C|00100;S003|C|00139;S004|C|00024;S004|C|00039;S005|C|00063;S006|C|00063;S007|C|00031;S008|B|00001;S008|B|00006;S008|B|00008;S008|B|00016;S009|B|00007;S010|B|00007;S011|B|00007;S012|B|00003;S012|B|00004;S013|B|00007;S014|B|00007;S015|B|00007
r0.40_a0.9_b1.1,45,formal sampled,26,68.56800877717866,46865.9263710471,S001|C|01022;S001|C|31745;S002|B|00024;S002|B|00036;S002|B|00066;S002|B|00129;S003|B|00006;S003|C|00056;S003|C|00193;S004|C|00024;S004|C|00039;S005|C|00063;S006|C|00063;S007|C|00031;S008|B|00001;S008|B|00006;S008|B|00008;S008|B|00016;S009|B|00007;S010|B|00007;S011|B|00007;S012|B|00003;S012|B|00004;S013|B|00007;S014|B|00007;S015|B|00007
r0.40_a0.9_b1.1,46,formal sampled,26,68.59198098260354,46859.9263710471,S001|C|01022;S001|C|31745;S002|B|00024;S002|B|00036;S002|B|00066;S002|B|00129;S003|B|00011;S003|C|00048;S003|C|00196;S004|C|00024;S004|C|00039;S005|C|00063;S006|C|00063;S007|C|00031;S008|B|00001;S008|B|00006;S008|B|00008;S008|B|00016;S009|B|00007;S010|B|00007;S011|B|00007;S012|B|00003;S012|B|00004;S013|B|00007;S014|B|00007;S015|B|00007
r0.40_a0.9_b1.1,47,formal sampled,26,68.62454645843222,46858.18879705857,S001|C|01022;S001|C|31745;S002|B|00024;S002|B|00036;S002|B|00066;S002|B|00129;S003|B|00006;S003|C|00056;S003|C|00193;S004|B|00003;S004|B|00036;S004|C|00024;S005|C|00063;S006|C|00063;S007|C|00031;S008|B|00006;S008|B|00008;S008|C|00017;S009|B|00007;S010|B|00007;S011|B|00007;S012|B|00003;S012|B|00004;S013|B|00007;S014|B|00007;S015|B|00007
r0.40_a0.9_b1.1,48,formal sampled,26,68.64851866385712,46852.18879705857,S001|C|01022;S001|C|31745;S002|B|00024;S002|B|00036;S002|B|00066;S002|B|00129;S003|B|00011;S003|C|00048;S003|C|00196;S004|B|00003;S004|B|00036;S004|C|00024;S005|C|00063;S006|C|00063;S007|C|00031;S008|B|00006;S008|B|00008;S008|C|00017;S009|B|00007;S010|B|00007;S011|B|00007;S012|B|00003;S012|B|00004;S013|B|00007;S014|B|00007;S015|B|00007
r0.40_a0.9_b1.1,49,formal sampled,27,68.38186557887681,48694.820433348745,S001|C|01022;S001|C|31745;S002|B|00024;S002|B|00036;S002|C|00195;S003|B|00016;S003|C|00100;S003|C|00139;S004|B|00003;S004|B|00008;S004|B|00016;S004|B|00036;S005|C|00063;S006|C|00063;S007|C|00031;S008|B|00001;S008|B|00006;S008|B|00008;S008|B|00016;S009|B|00007;S010|B|00007;S011|B|00007;S012|B|00003;S012|B|00004;S013|B|00007;S014|B|00007;S015|B|00007
r0.40_a0.9_b1.1,50,formal sampled,27,68.38227205621219,48688.820433348745,S001|C|01022;S001|C|31745;S002|B|00011;S002|B|00132;S002|C|00112;S003|B|00016;S003|C|00100;S003|C|00139;S004|B|00003;S004|B|00008;S004|B|00016;S004|B|00036;S005|C|00063;S006|C|00063;S007|C|00031;S008|B|00001;S008|B|00006;S008|B|00008;S008|B|00016;S009|B|00007;S010|B|00007;S011|B|00007;S012|B|00003;S012|B|00004;S013|B|00007;S014|B|00007;S015|B|00007
r0.40_a0.9_b1.1,51,formal sampled,27,68.38554175824353,48682.820433348745,S001|C|01022;S001|C|31745;S002|B|00011;S002|B|00132;S002|C|00112;S003|B|00006;S003|C|00056;S003|C|00193;S004|B|00003;S004|B|00008;S004|B|00016;S004|B|00036;S005|C|00063;S006|C|00063;S007|C|00031;S008|B|00001;S008|B|00006;S008|B|00008;S008|B|00016;S009|B|00007;S010|B|00007;S011|B|00007;S012|B|00003;S012|B|00004;S013|B|00007;S014|B|00007;S015|B|00007
r0.40_a0.9_b1.1,52,formal sampled,27,68.40951396366843,48676.820433348745,S001|C|01022;S001|C|31745;S002|B|00011;S002|B|00132;S002|C|00112;S003|B|00011;S003|C|00048;S003|C|00196;S004|B|00003;S004|B|00008;S004|B|00016;S004|B|00036;S005|C|00063;S006|C|00063;S007|C|00031;S008|B|00001;S008|B|00006;S008|B|00008;S008|B|00016;S009|B|00007;S010|B|00007;S011|B|00007;S012|B|00003;S012|B|00004;S013|B|00007;S014|B|00007;S015|B|00007
r0.40_a0.9_b1.1,53,formal sampled,27,68.41559215014777,48552.16132680048,S001|C|01022;S001|C|31745;S002|B|00024;S002|B|00036;S002|B|00066;S002|B|00129;S003|B|00016;S003|C|00100;S003|C|00139;S004|B|00003;S004|B|00008;S004|C|00052;S005|C|00063;S006|C|00063;S007|C|00031;S008|B|00001;S008|B|00006;S008|B|00008;S008|B|00016;S009|B|00007;S010|B|00007;S011|B|00007;S012|B|00003;S012|B|00004;S013|B|00007;S014|B|00007;S015|B|00007
r0.40_a0.9_b1.1,54,formal sampled,27,68.41886185217912,48546.16132680048,S001|C|01022;S001|C|31745;S002|B|00024;S002|B|00036;S002|B|00066;S002|B|00129;S003|B|00006;S003|C|00056;S003|C|00193;S004|B|00003;S004|B|00008;S004|C|00052;S005|C|00063;S006|C|00063;S007|C|00031;S008|B|00001;S008|B|00006;S008|B|00008;S008|B|00016;S009|B|00007;S010|B|00007;S011|B|00007;S012|B|00003;S012|B|00004;S013|B|00007;S014|B|00007;S015|B|00007
r0.40_a0.9_b1.1,55,formal sampled,27,68.43297880051148,48540.16132680048,S001|C|01022;S001|C|31745;S002|B|00024;S002|B|00036;S002|B|00066;S002|B|00129;S003|B|00006;S003|C|00056;S003|C|00193;S004|B|00003;S004|B|00036;S004|C|00024;S005|C|00063;S006|C|00063;S007|C|00031;S008|B|00001;S008|B|00006;S008|B|00008;S008|B|00016;S009|B|00007;S010|B|00007;S011|B|00007;S012|B|00003;S012|B|00004;S013|B|00007;S014|B|00007;S015|B|00007
r0.40_a0.9_b1.1,56,formal sampled,27,68.45695100593636,48534.16132680048,S001|C|01022;S001|C|31745;S002|B|00024;S002|B|00036;S002|B|00066;S002|B|00129;S003|B|00011;S003|C|00048;S003|C|00196;S004|B|00003;S004|B|00036;S004|C|00024;S005|C|00063;S006|C|00063;S007|C|00031;S008|B|00001;S008|B|00006;S008|B|00008;S008|B|00016;S009|B|00007;S010|B|00007;S011|B|00007;S012|B|00003;S012|B|00004;S013|B|00007;S014|B|00007;S015|B|00007
r0.40_a0.9_b1.1,57,formal sampled,28,68.28056217348059,50232.39628255386,S001|C|01022;S001|C|31745;S002|B|00024;S002|B|00036;S002|B|00066;S002|B|00129;S003|B|00016;S003|C|00100;S003|C|00139;S004|B|00003;S004|B|00008;S004|B|00016;S004|B|00036;S005|C|00063;S006|C|00063;S007|C|00031;S008|B|00001;S008|B|00006;S008|B|00008;S008|B|00016;S009|B|00007;S010|B|00007;S011|B|00007;S012|B|00003;S012|B|00004;S013|B|00007;S014|B|00007;S015|B|00007
r0.40_a0.9_b1.1,58,formal sampled,28,68.28383187551194,50226.39628255386,S001|C|01022;S001|C|31745;S002|B|00024;S002|B|00036;S002|B|00066;S002|B|00129;S003|B|00006;S003|C|00056;S003|C|00193;S004|B|00003;S004|B|00008;S004|B|00016;S004|B|00036;S005|C|00063;S006|C|00063;S007|C|00031;S008|B|00001;S008|B|00006;S008|B|00008;S008|B|00016;S009|B|00007;S010|B|00007;S011|B|00007;S012|B|00003;S012|B|00004;S013|B|00007;S014|B|00007;S015|B|00007
r0.40_a0.9_b1.1,59,formal sampled,28,68.30780408093683,50220.39628255386,S001|C|01022;S001|C|31745;S002|B|00024;S002|B|00036;S002|B|00066;S002|B|00129;S003|B|00011;S003|C|00048;S003|C|00196;S004|B|00003;S004|B|00008;S004|B|00016;S004|B|00036;S005|C|00063;S006|C|00063;S007|C|00031;S008|B|00001;S008|B|00006;S008|B|00008;S008|B|00016;S009|B|00007;S010|B|00007;S011|B|00007;S012|B|00003;S012|B|00004;S013|B|00007;S014|B|00007;S015|B|00007
r0.40_a0.9_b1.1,60,formal sampled,29,68.21534871980003,51975.37133476854,S001|C|01022;S001|C|31745;S002|B|00024;S002|B|00036;S002|B|00066;S002|B|00129;S003|B|00003;S003|B|00016;S003|B|00032;S003|C|00204;S004|B|00003;S004|B|00008;S004|B|00016;S004|B|00036;S005|C|00063;S006|C|00063;S007|C|00031;S008|B|00001;S008|B|00006;S008|B|00008;S008|B|00016;S009|B|00007;S010|B|00007;S011|B|00007;S012|B|00003;S012|B|00004;S013|B|00007;S014|B|00007;S015|B|00007
r0.40_a0.9_b1.1,61,formal sampled,29,68.2174289689086,51969.37133476854,S001|C|01022;S001|C|31745;S002|B|00024;S002|B|00036;S002|B|00066;S002|B|00129;S003|B|00006;S003|B|00016;S003|B|00040;S003|C|00193;S004|B|00003;S004|B|00008;S004|B|00016;S004|B|00036;S005|C|00063;S006|C|00063;S007|C|00031;S008|B|00001;S008|B|00006;S008|B|00008;S008|B|00016;S009|B|00007;S010|B|00007;S011|B|00007;S012|B|00003;S012|B|00004;S013|B|00007;S014|B|00007;S015|B|00007
r0.40_a0.9_b1.1,62,formal sampled,29,68.25513265733952,51963.37133476854,S001|C|01022;S001|C|31745;S002|B|00024;S002|B|00036;S002|B|00066;S002|B|00129;S003|B|00003;S003|B|00072;S003|B|00132;S003|C|00048;S004|B|00003;S004|B|00008;S004|B|00016;S004|B|00036;S005|C|00063;S006|C|00063;S007|C|00031;S008|B|00001;S008|B|00006;S008|B|00008;S008|B|00016;S009|B|00007;S010|B|00007;S011|B|00007;S012|B|00003;S012|B|00004;S013|B|00007;S014|B|00007;S015|B|00007
r0.40_a0.9_b1.1,63,formal sampled,30,68.1754388083435,53712.34638698323,S001|C|01022;S001|C|31745;S002|B|00024;S002|B|00036;S002|B|00066;S002|B|00129;S003|B|00003;S003|B|00016;S003|B|00032;S003|B|00072;S003|B|00132;S004|B|00003;S004|B|00008;S004|B|00016;S004|B|00036;S005|C|00063;S006|C|00063;S007|C|00031;S008|B|00001;S008|B|00006;S008|B|00008;S008|B|00016;S009|B|00007;S010|B|00007;S011|B|00007;S012|B|00003;S012|B|00004;S013|B|00007;S014|B|00007;S015|B|00007
