Scenario,rho,alpha,beta,Service Area ID,Model ID,Status,Maximum Safe Payload (kg)
r0.20_a0.9_b0.9,0.2,0.9,0.9,S001,A,capacity_bound,25.0
r0.20_a0.9_b0.9,0.2,0.9,0.9,S001,B,capacity_bound,30.0
r0.20_a0.9_b0.9,0.2,0.9,0.9,S001,C,capacity_bound,80.0
r0.20_a0.9_b0.9,0.2,0.9,0.9,S002,A,capacity_bound,25.0
r0.20_a0.9_b0.9,0.2,0.9,0.9,S002,B,capacity_bound,30.0
r0.20_a0.9_b0.9,0.2,0.9,0.9,S002,C,energy_bound,77.69969250142366
r0.20_a0.9_b0.9,0.2,0.9,0.9,S003,A,capacity_bound,25.0
r0.20_a0.9_b0.9,0.2,0.9,0.9,S003,B,capacity_bound,30.0
r0.20_a0.9_b0.9,0.2,0.9,0.9,S003,C,energy_bound,77.31038321721293
r0.20_a0.9_b0.9,0.2,0.9,0.9,S004,A,capacity_bound,25.0
r0.20_a0.9_b0.9,0.2,0.9,0.9,S004,B,capacity_bound,30.0
r0.20_a0.9_b0.9,0.2,0.9,0.9,S004,C,energy_bound,73.86670024904862
r0.20_a0.9_b0.9,0.2,0.9,0.9,S005,A,capacity_bound,25.0
r0.20_a0.9_b0.9,0.2,0.9,0.9,S005,B,capacity_bound,30.0
r0.20_a0.9_b0.9,0.2,0.9,0.9,S005,C,capacity_bound,80.0
r0.20_a0.9_b0.9,0.2,0.9,0.9,S006,A,capacity_bound,25.0
r0.20_a0.9_b0.9,0.2,0.9,0.9,S006,B,capacity_bound,30.0
r0.20_a0.9_b0.9,0.2,0.9,0.9,S006,C,capacity_bound,80.0
r0.20_a0.9_b0.9,0.2,0.9,0.9,S007,A,capacity_bound,25.0
r0.20_a0.9_b0.9,0.2,0.9,0.9,S007,B,capacity_bound,30.0
r0.20_a0.9_b0.9,0.2,0.9,0.9,S007,C,capacity_bound,80.0
r0.20_a0.9_b0.9,0.2,0.9,0.9,S008,A,capacity_bound,25.0
r0.20_a0.9_b0.9,0.2,0.9,0.9,S008,B,capacity_bound,30.0
r0.20_a0.9_b0.9,0.2,0.9,0.9,S008,C,energy_bound,70.30849402198547
r0.20_a0.9_b0.9,0.2,0.9,0.9,S009,A,capacity_bound,25.0
r0.20_a0.9_b0.9,0.2,0.9,0.9,S009,B,capacity_bound,30.0
r0.20_a0.9_b0.9,0.2,0.9,0.9,S009,C,capacity_bound,80.0
r0.20_a0.9_b0.9,0.2,0.9,0.9,S010,A,capacity_bound,25.0
r0.20_a0.9_b0.9,0.2,0.9,0.9,S010,B,capacity_bound,30.0
r0.20_a0.9_b0.9,0.2,0.9,0.9,S010,C,capacity_bound,80.0
r0.20_a0.9_b0.9,0.2,0.9,0.9,S011,A,capacity_bound,25.0
r0.20_a0.9_b0.9,0.2,0.9,0.9,S011,B,capacity_bound,30.0
r0.20_a0.9_b0.9,0.2,0.9,0.9,S011,C,capacity_bound,80.0
r0.20_a0.9_b0.9,0.2,0.9,0.9,S012,A,capacity_bound,25.0
r0.20_a0.9_b0.9,0.2,0.9,0.9,S012,B,capacity_bound,30.0
r0.20_a0.9_b0.9,0.2,0.9,0.9,S012,C,energy_bound,77.17729694527364
r0.20_a0.9_b0.9,0.2,0.9,0.9,S013,A,capacity_bound,25.0
r0.20_a0.9_b0.9,0.2,0.9,0.9,S013,B,capacity_bound,30.0
r0.20_a0.9_b0.9,0.2,0.9,0.9,S013,C,capacity_bound,80.0
r0.20_a0.9_b0.9,0.2,0.9,0.9,S014,A,capacity_bound,25.0
r0.20_a0.9_b0.9,0.2,0.9,0.9,S014,B,capacity_bound,30.0
r0.20_a0.9_b0.9,0.2,0.9,0.9,S014,C,capacity_bound,80.0
r0.20_a0.9_b0.9,0.2,0.9,0.9,S015,A,capacity_bound,25.0
r0.20_a0.9_b0.9,0.2,0.9,0.9,S015,B,capacity_bound,30.0
r0.20_a0.9_b0.9,0.2,0.9,0.9,S015,C,capacity_bound,80.0
r0.20_a0.9_b1.0,0.2,0.9,1.0,S001,A,capacity_bound,25.0
r0.20_a0.9_b1.0,0.2,0.9,1.0,S001,B,capacity_bound,30.0
r0.20_a0.9_b1.0,0.2,0.9,1.0,S001,C,capacity_bound,80.0
r0.20_a0.9_b1.0,0.2,0.9,1.0,S002,A,capacity_bound,25.0
r0.20_a0.9_b1.0,0.2,0.9,1.0,S002,B,capacity_bound,30.0
r0.20_a0.9_b1.0,0.2,0.9,1.0,S002,C,energy_bound,77.55668537661874
r0.20_a0.9_b1.0,0.2,0.9,1.0,S003,A,capacity_bound,25.0
r0.20_a0.9_b1.0,0.2,0.9,1.0,S003,B,capacity_bound,30.0
r0.20_a0.9_b1.0,0.2,0.9,1.0,S003,C,energy_bound,76.95473267033779
r0.20_a0.9_b1.0,0.2,0.9,1.0,S004,A,capacity_bound,25.0
r0.20_a0.9_b1.0,0.2,0.9,1.0,S004,B,capacity_bound,30.0
r0.20_a0.9_b1.0,0.2,0.9,1.0,S004,C,energy_bound,73.61581949556442
r0.20_a0.9_b1.0,0.2,0.9,1.0,S005,A,capacity_bound,25.0
r0.20_a0.9_b1.0,0.2,0.9,1.0,S005,B,capacity_bound,30.0
r0.20_a0.9_b1.0,0.2,0.9,1.0,S005,C,capacity_bound,80.0
r0.20_a0.9_b1.0,0.2,0.9,1.0,S006,A,capacity_bound,25.0
r0.20_a0.9_b1.0,0.2,0.9,1.0,S006,B,capacity_bound,30.0
r0.20_a0.9_b1.0,0.2,0.9,1.0,S006,C,capacity_bound,80.0
r0.20_a0.9_b1.0,0.2,0.9,1.0,S007,A,capacity_bound,25.0
r0.20_a0.9_b1.0,0.2,0.9,1.0,S007,B,capacity_bound,30.0
r0.20_a0.9_b1.0,0.2,0.9,1.0,S007,C,capacity_bound,80.0
r0.20_a0.9_b1.0,0.2,0.9,1.0,S008,A,capacity_bound,25.0
r0.20_a0.9_b1.0,0.2,0.9,1.0,S008,B,capacity_bound,30.0
r0.20_a0.9_b1.0,0.2,0.9,1.0,S008,C,energy_bound,70.08086967069812
r0.20_a0.9_b1.0,0.2,0.9,1.0,S009,A,capacity_bound,25.0
r0.20_a0.9_b1.0,0.2,0.9,1.0,S009,B,capacity_bound,30.0
r0.20_a0.9_b1.0,0.2,0.9,1.0,S009,C,capacity_bound,80.0
r0.20_a0.9_b1.0,0.2,0.9,1.0,S010,A,capacity_bound,25.0
r0.20_a0.9_b1.0,0.2,0.9,1.0,S010,B,capacity_bound,30.0
r0.20_a0.9_b1.0,0.2,0.9,1.0,S010,C,capacity_bound,80.0
r0.20_a0.9_b1.0,0.2,0.9,1.0,S011,A,capacity_bound,25.0
r0.20_a0.9_b1.0,0.2,0.9,1.0,S011,B,capacity_bound,30.0
r0.20_a0.9_b1.0,0.2,0.9,1.0,S011,C,capacity_bound,80.0
r0.20_a0.9_b1.0,0.2,0.9,1.0,S012,A,capacity_bound,25.0
r0.20_a0.9_b1.0,0.2,0.9,1.0,S012,B,capacity_bound,30.0
r0.20_a0.9_b1.0,0.2,0.9,1.0,S012,C,energy_bound,76.94933329652882
r0.20_a0.9_b1.0,0.2,0.9,1.0,S013,A,capacity_bound,25.0
r0.20_a0.9_b1.0,0.2,0.9,1.0,S013,B,capacity_bound,30.0
r0.20_a0.9_b1.0,0.2,0.9,1.0,S013,C,capacity_bound,80.0
r0.20_a0.9_b1.0,0.2,0.9,1.0,S014,A,capacity_bound,25.0
r0.20_a0.9_b1.0,0.2,0.9,1.0,S014,B,capacity_bound,30.0
r0.20_a0.9_b1.0,0.2,0.9,1.0,S014,C,capacity_bound,80.0
r0.20_a0.9_b1.0,0.2,0.9,1.0,S015,A,capacity_bound,25.0
r0.20_a0.9_b1.0,0.2,0.9,1.0,S015,B,capacity_bound,30.0
r0.20_a0.9_b1.0,0.2,0.9,1.0,S015,C,capacity_bound,80.0
r0.20_a0.9_b1.1,0.2,0.9,1.1,S001,A,capacity_bound,25.0
r0.20_a0.9_b1.1,0.2,0.9,1.1,S001,B,capacity_bound,30.0
r0.20_a0.9_b1.1,0.2,0.9,1.1,S001,C,capacity_bound,80.0
r0.20_a0.9_b1.1,0.2,0.9,1.1,S002,A,capacity_bound,25.0
r0.20_a0.9_b1.1,0.2,0.9,1.1,S002,B,capacity_bound,30.0
r0.20_a0.9_b1.1,0.2,0.9,1.1,S002,C,energy_bound,77.41293843122591
r0.20_a0.9_b1.1,0.2,0.9,1.1,S003,A,capacity_bound,25.0
r0.20_a0.9_b1.1,0.2,0.9,1.1,S003,B,capacity_bound,30.0
r0.20_a0.9_b1.1,0.2,0.9,1.1,S003,C,energy_bound,76.59461290999435
r0.20_a0.9_b1.1,0.2,0.9,1.1,S004,A,capacity_bound,25.0
r0.20_a0.9_b1.1,0.2,0.9,1.1,S004,B,capacity_bound,30.0
r0.20_a0.9_b1.1,0.2,0.9,1.1,S004,C,energy_bound,73.36287953380969
r0.20_a0.9_b1.1,0.2,0.9,1.1,S005,A,capacity_bound,25.0
r0.20_a0.9_b1.1,0.2,0.9,1.1,S005,B,capacity_bound,30.0
r0.20_a0.9_b1.1,0.2,0.9,1.1,S005,C,capacity_bound,80.0
r0.20_a0.9_b1.1,0.2,0.9,1.1,S006,A,capacity_bound,25.0
r0.20_a0.9_b1.1,0.2,0.9,1.1,S006,B,capacity_bound,30.0
r0.20_a0.9_b1.1,0.2,0.9,1.1,S006,C,capacity_bound,80.0
r0.20_a0.9_b1.1,0.2,0.9,1.1,S007,A,capacity_bound,25.0
r0.20_a0.9_b1.1,0.2,0.9,1.1,S007,B,capacity_bound,30.0
r0.20_a0.9_b1.1,0.2,0.9,1.1,S007,C,capacity_bound,80.0
r0.20_a0.9_b1.1,0.2,0.9,1.1,S008,A,capacity_bound,25.0
r0.20_a0.9_b1.1,0.2,0.9,1.1,S008,B,capacity_bound,30.0
r0.20_a0.9_b1.1,0.2,0.9,1.1,S008,C,energy_bound,69.85175433169265
r0.20_a0.9_b1.1,0.2,0.9,1.1,S009,A,capacity_bound,25.0
r0.20_a0.9_b1.1,0.2,0.9,1.1,S009,B,capacity_bound,30.0
r0.20_a0.9_b1.1,0.2,0.9,1.1,S009,C,capacity_bound,80.0
r0.20_a0.9_b1.1,0.2,0.9,1.1,S010,A,capacity_bound,25.0
r0.20_a0.9_b1.1,0.2,0.9,1.1,S010,B,capacity_bound,30.0
r0.20_a0.9_b1.1,0.2,0.9,1.1,S010,C,capacity_bound,80.0
r0.20_a0.9_b1.1,0.2,0.9,1.1,S011,A,capacity_bound,25.0
r0.20_a0.9_b1.1,0.2,0.9,1.1,S011,B,capacity_bound,30.0
r0.20_a0.9_b1.1,0.2,0.9,1.1,S011,C,capacity_bound,80.0
r0.20_a0.9_b1.1,0.2,0.9,1.1,S012,A,capacity_bound,25.0
r0.20_a0.9_b1.1,0.2,0.9,1.1,S012,B,capacity_bound,30.0
r0.20_a0.9_b1.1,0.2,0.9,1.1,S012,C,energy_bound,76.71953570355767
r0.20_a0.9_b1.1,0.2,0.9,1.1,S013,A,capacity_bound,25.0
r0.20_a0.9_b1.1,0.2,0.9,1.1,S013,B,capacity_bound,30.0
r0.20_a0.9_b1.1,0.2,0.9,1.1,S013,C,capacity_bound,80.0
r0.20_a0.9_b1.1,0.2,0.9,1.1,S014,A,capacity_bound,25.0
r0.20_a0.9_b1.1,0.2,0.9,1.1,S014,B,capacity_bound,30.0
r0.20_a0.9_b1.1,0.2,0.9,1.1,S014,C,capacity_bound,80.0
r0.20_a0.9_b1.1,0.2,0.9,1.1,S015,A,capacity_bound,25.0
r0.20_a0.9_b1.1,0.2,0.9,1.1,S015,B,capacity_bound,30.0
r0.20_a0.9_b1.1,0.2,0.9,1.1,S015,C,capacity_bound,80.0
r0.20_a1.0_b0.9,0.2,1.0,0.9,S001,A,capacity_bound,25.0
r0.20_a1.0_b0.9,0.2,1.0,0.9,S001,B,capacity_bound,30.0
r0.20_a1.0_b0.9,0.2,1.0,0.9,S001,C,capacity_bound,80.0
r0.20_a1.0_b0.9,0.2,1.0,0.9,S002,A,capacity_bound,25.0
r0.20_a1.0_b0.9,0.2,1.0,0.9,S002,B,capacity_bound,30.0
r0.20_a1.0_b0.9,0.2,1.0,0.9,S002,C,energy_bound,69.0388405839642
r0.20_a1.0_b0.9,0.2,1.0,0.9,S003,A,capacity_bound,25.0
r0.20_a1.0_b0.9,0.2,1.0,0.9,S003,B,capacity_bound,30.0
r0.20_a1.0_b0.9,0.2,1.0,0.9,S003,C,energy_bound,68.6458640800388
r0.20_a1.0_b0.9,0.2,1.0,0.9,S004,A,capacity_bound,25.0
r0.20_a1.0_b0.9,0.2,1.0,0.9,S004,B,capacity_bound,30.0
r0.20_a1.0_b0.9,0.2,1.0,0.9,S004,C,energy_bound,64.01343010496018
r0.20_a1.0_b0.9,0.2,1.0,0.9,S005,A,capacity_bound,25.0
r0.20_a1.0_b0.9,0.2,1.0,0.9,S005,B,capacity_bound,30.0
r0.20_a1.0_b0.9,0.2,1.0,0.9,S005,C,capacity_bound,80.0
r0.20_a1.0_b0.9,0.2,1.0,0.9,S006,A,capacity_bound,25.0
r0.20_a1.0_b0.9,0.2,1.0,0.9,S006,B,capacity_bound,30.0
r0.20_a1.0_b0.9,0.2,1.0,0.9,S006,C,capacity_bound,80.0
r0.20_a1.0_b0.9,0.2,1.0,0.9,S007,A,capacity_bound,25.0
r0.20_a1.0_b0.9,0.2,1.0,0.9,S007,B,capacity_bound,30.0
r0.20_a1.0_b0.9,0.2,1.0,0.9,S007,C,capacity_bound,80.0
r0.20_a1.0_b0.9,0.2,1.0,0.9,S008,A,capacity_bound,25.0
r0.20_a1.0_b0.9,0.2,1.0,0.9,S008,B,energy_bound,28.962511147784735
r0.20_a1.0_b0.9,0.2,1.0,0.9,S008,C,energy_bound,59.192942473038016
r0.20_a1.0_b0.9,0.2,1.0,0.9,S009,A,capacity_bound,25.0
r0.20_a1.0_b0.9,0.2,1.0,0.9,S009,B,capacity_bound,30.0
r0.20_a1.0_b0.9,0.2,1.0,0.9,S009,C,capacity_bound,80.0
r0.20_a1.0_b0.9,0.2,1.0,0.9,S010,A,capacity_bound,25.0
r0.20_a1.0_b0.9,0.2,1.0,0.9,S010,B,capacity_bound,30.0
r0.20_a1.0_b0.9,0.2,1.0,0.9,S010,C,capacity_bound,80.0
r0.20_a1.0_b0.9,0.2,1.0,0.9,S011,A,capacity_bound,25.0
r0.20_a1.0_b0.9,0.2,1.0,0.9,S011,B,capacity_bound,30.0
r0.20_a1.0_b0.9,0.2,1.0,0.9,S011,C,capacity_bound,80.0
r0.20_a1.0_b0.9,0.2,1.0,0.9,S012,A,capacity_bound,25.0
r0.20_a1.0_b0.9,0.2,1.0,0.9,S012,B,capacity_bound,30.0
r0.20_a1.0_b0.9,0.2,1.0,0.9,S012,C,energy_bound,68.4016976128213
r0.20_a1.0_b0.9,0.2,1.0,0.9,S013,A,capacity_bound,25.0
r0.20_a1.0_b0.9,0.2,1.0,0.9,S013,B,capacity_bound,30.0
r0.20_a1.0_b0.9,0.2,1.0,0.9,S013,C,capacity_bound,80.0
r0.20_a1.0_b0.9,0.2,1.0,0.9,S014,A,capacity_bound,25.0
r0.20_a1.0_b0.9,0.2,1.0,0.9,S014,B,capacity_bound,30.0
r0.20_a1.0_b0.9,0.2,1.0,0.9,S014,C,capacity_bound,80.0
r0.20_a1.0_b0.9,0.2,1.0,0.9,S015,A,capacity_bound,25.0
r0.20_a1.0_b0.9,0.2,1.0,0.9,S015,B,capacity_bound,30.0
r0.20_a1.0_b0.9,0.2,1.0,0.9,S015,C,capacity_bound,80.0
r0.20_a1.0_b1.0,0.2,1.0,1.0,S001,A,capacity_bound,25.0
r0.20_a1.0_b1.0,0.2,1.0,1.0,S001,B,capacity_bound,30.0
r0.20_a1.0_b1.0,0.2,1.0,1.0,S001,C,capacity_bound,80.0
r0.20_a1.0_b1.0,0.2,1.0,1.0,S002,A,capacity_bound,25.0
r0.20_a1.0_b1.0,0.2,1.0,1.0,S002,B,capacity_bound,30.0
r0.20_a1.0_b1.0,0.2,1.0,1.0,S002,C,energy_bound,68.86037775564213
r0.20_a1.0_b1.0,0.2,1.0,1.0,S003,A,capacity_bound,25.0
r0.20_a1.0_b1.0,0.2,1.0,1.0,S003,B,capacity_bound,30.0
r0.20_a1.0_b1.0,0.2,1.0,1.0,S003,C,energy_bound,68.20455041288635
r0.20_a1.0_b1.0,0.2,1.0,1.0,S004,A,capacity_bound,25.0
r0.20_a1.0_b1.0,0.2,1.0,1.0,S004,B,capacity_bound,30.0
r0.20_a1.0_b1.0,0.2,1.0,1.0,S004,C,energy_bound,63.69649250489245
r0.20_a1.0_b1.0,0.2,1.0,1.0,S005,A,capacity_bound,25.0
r0.20_a1.0_b1.0,0.2,1.0,1.0,S005,B,capacity_bound,30.0
r0.20_a1.0_b1.0,0.2,1.0,1.0,S005,C,capacity_bound,80.0
r0.20_a1.0_b1.0,0.2,1.0,1.0,S006,A,capacity_bound,25.0
r0.20_a1.0_b1.0,0.2,1.0,1.0,S006,B,capacity_bound,30.0
r0.20_a1.0_b1.0,0.2,1.0,1.0,S006,C,capacity_bound,80.0
r0.20_a1.0_b1.0,0.2,1.0,1.0,S007,A,capacity_bound,25.0
r0.20_a1.0_b1.0,0.2,1.0,1.0,S007,B,capacity_bound,30.0
r0.20_a1.0_b1.0,0.2,1.0,1.0,S007,C,capacity_bound,80.0
r0.20_a1.0_b1.0,0.2,1.0,1.0,S008,A,capacity_bound,25.0
r0.20_a1.0_b1.0,0.2,1.0,1.0,S008,B,energy_bound,28.80078165435435
r0.20_a1.0_b1.0,0.2,1.0,1.0,S008,C,energy_bound,58.903108679374796
r0.20_a1.0_b1.0,0.2,1.0,1.0,S009,A,capacity_bound,25.0
r0.20_a1.0_b1.0,0.2,1.0,1.0,S009,B,capacity_bound,30.0
r0.20_a1.0_b1.0,0.2,1.0,1.0,S009,C,capacity_bound,80.0
r0.20_a1.0_b1.0,0.2,1.0,1.0,S010,A,capacity_bound,25.0
r0.20_a1.0_b1.0,0.2,1.0,1.0,S010,B,capacity_bound,30.0
r0.20_a1.0_b1.0,0.2,1.0,1.0,S010,C,capacity_bound,80.0
r0.20_a1.0_b1.0,0.2,1.0,1.0,S011,A,capacity_bound,25.0
r0.20_a1.0_b1.0,0.2,1.0,1.0,S011,B,capacity_bound,30.0
r0.20_a1.0_b1.0,0.2,1.0,1.0,S011,C,capacity_bound,80.0
r0.20_a1.0_b1.0,0.2,1.0,1.0,S012,A,capacity_bound,25.0
r0.20_a1.0_b1.0,0.2,1.0,1.0,S012,B,capacity_bound,30.0
r0.20_a1.0_b1.0,0.2,1.0,1.0,S012,C,energy_bound,68.11775809643919
r0.20_a1.0_b1.0,0.2,1.0,1.0,S013,A,capacity_bound,25.0
r0.20_a1.0_b1.0,0.2,1.0,1.0,S013,B,capacity_bound,30.0
r0.20_a1.0_b1.0,0.2,1.0,1.0,S013,C,capacity_bound,80.0
r0.20_a1.0_b1.0,0.2,1.0,1.0,S014,A,capacity_bound,25.0
r0.20_a1.0_b1.0,0.2,1.0,1.0,S014,B,capacity_bound,30.0
r0.20_a1.0_b1.0,0.2,1.0,1.0,S014,C,capacity_bound,80.0
r0.20_a1.0_b1.0,0.2,1.0,1.0,S015,A,capacity_bound,25.0
r0.20_a1.0_b1.0,0.2,1.0,1.0,S015,B,capacity_bound,30.0
r0.20_a1.0_b1.0,0.2,1.0,1.0,S015,C,capacity_bound,80.0
r0.20_a1.0_b1.1,0.2,1.0,1.1,S001,A,capacity_bound,25.0
r0.20_a1.0_b1.1,0.2,1.0,1.1,S001,B,capacity_bound,30.0
r0.20_a1.0_b1.1,0.2,1.0,1.1,S001,C,capacity_bound,80.0
r0.20_a1.0_b1.1,0.2,1.0,1.1,S002,A,capacity_bound,25.0
r0.20_a1.0_b1.1,0.2,1.0,1.1,S002,B,capacity_bound,30.0
r0.20_a1.0_b1.1,0.2,1.0,1.1,S002,C,energy_bound,68.68101321661888
r0.20_a1.0_b1.1,0.2,1.0,1.1,S003,A,capacity_bound,25.0
r0.20_a1.0_b1.1,0.2,1.0,1.1,S003,B,capacity_bound,30.0
r0.20_a1.0_b1.1,0.2,1.0,1.1,S003,C,energy_bound,67.75787706924261
r0.20_a1.0_b1.1,0.2,1.0,1.1,S004,A,capacity_bound,25.0
r0.20_a1.0_b1.1,0.2,1.0,1.1,S004,B,capacity_bound,30.0
r0.20_a1.0_b1.1,0.2,1.0,1.1,S004,C,energy_bound,63.37701347400476
r0.20_a1.0_b1.1,0.2,1.0,1.1,S005,A,capacity_bound,25.0
r0.20_a1.0_b1.1,0.2,1.0,1.1,S005,B,capacity_bound,30.0
r0.20_a1.0_b1.1,0.2,1.0,1.1,S005,C,capacity_bound,80.0
r0.20_a1.0_b1.1,0.2,1.0,1.1,S006,A,capacity_bound,25.0
r0.20_a1.0_b1.1,0.2,1.0,1.1,S006,B,capacity_bound,30.0
r0.20_a1.0_b1.1,0.2,1.0,1.1,S006,C,capacity_bound,80.0
r0.20_a1.0_b1.1,0.2,1.0,1.1,S007,A,capacity_bound,25.0
r0.20_a1.0_b1.1,0.2,1.0,1.1,S007,B,capacity_bound,30.0
r0.20_a1.0_b1.1,0.2,1.0,1.1,S007,C,capacity_bound,80.0
r0.20_a1.0_b1.1,0.2,1.0,1.1,S008,A,capacity_bound,25.0
r0.20_a1.0_b1.1,0.2,1.0,1.1,S008,B,energy_bound,28.637200709636517
r0.20_a1.0_b1.1,0.2,1.0,1.1,S008,C,energy_bound,58.61146252103279
r0.20_a1.0_b1.1,0.2,1.0,1.1,S009,A,capacity_bound,25.0
r0.20_a1.0_b1.1,0.2,1.0,1.1,S009,B,capacity_bound,30.0
r0.20_a1.0_b1.1,0.2,1.0,1.1,S009,C,capacity_bound,80.0
r0.20_a1.0_b1.1,0.2,1.0,1.1,S010,A,capacity_bound,25.0
r0.20_a1.0_b1.1,0.2,1.0,1.1,S010,B,capacity_bound,30.0
r0.20_a1.0_b1.1,0.2,1.0,1.1,S010,C,capacity_bound,80.0
r0.20_a1.0_b1.1,0.2,1.0,1.1,S011,A,capacity_bound,25.0
r0.20_a1.0_b1.1,0.2,1.0,1.1,S011,B,capacity_bound,30.0
r0.20_a1.0_b1.1,0.2,1.0,1.1,S011,C,capacity_bound,80.0
r0.20_a1.0_b1.1,0.2,1.0,1.1,S012,A,capacity_bound,25.0
r0.20_a1.0_b1.1,0.2,1.0,1.1,S012,B,capacity_bound,30.0
r0.20_a1.0_b1.1,0.2,1.0,1.1,S012,C,energy_bound,67.8316039415767
r0.20_a1.0_b1.1,0.2,1.0,1.1,S013,A,capacity_bound,25.0
r0.20_a1.0_b1.1,0.2,1.0,1.1,S013,B,capacity_bound,30.0
r0.20_a1.0_b1.1,0.2,1.0,1.1,S013,C,capacity_bound,80.0
r0.20_a1.0_b1.1,0.2,1.0,1.1,S014,A,capacity_bound,25.0
r0.20_a1.0_b1.1,0.2,1.0,1.1,S014,B,capacity_bound,30.0
r0.20_a1.0_b1.1,0.2,1.0,1.1,S014,C,capacity_bound,80.0
r0.20_a1.0_b1.1,0.2,1.0,1.1,S015,A,capacity_bound,25.0
r0.20_a1.0_b1.1,0.2,1.0,1.1,S015,B,capacity_bound,30.0
r0.20_a1.0_b1.1,0.2,1.0,1.1,S015,C,capacity_bound,80.0
r0.20_a1.1_b0.9,0.2,1.1,0.9,S001,A,capacity_bound,25.0
r0.20_a1.1_b0.9,0.2,1.1,0.9,S001,B,capacity_bound,30.0
r0.20_a1.1_b0.9,0.2,1.1,0.9,S001,C,capacity_bound,80.0
r0.20_a1.1_b0.9,0.2,1.1,0.9,S002,A,capacity_bound,25.0
r0.20_a1.1_b0.9,0.2,1.1,0.9,S002,B,energy_bound,28.892882345069065
r0.20_a1.1_b0.9,0.2,1.1,0.9,S002,C,energy_bound,58.68354556291457
r0.20_a1.1_b0.9,0.2,1.1,0.9,S003,A,capacity_bound,25.0
r0.20_a1.1_b0.9,0.2,1.1,0.9,S003,B,energy_bound,28.17636908588252
r0.20_a1.1_b0.9,0.2,1.1,0.9,S003,C,energy_bound,58.34507160310717
r0.20_a1.1_b0.9,0.2,1.1,0.9,S004,A,capacity_bound,25.0
r0.20_a1.1_b0.9,0.2,1.1,0.9,S004,B,energy_bound,26.22658036812556
r0.20_a1.1_b0.9,0.2,1.1,0.9,S004,C,energy_bound,51.96379508472007
r0.20_a1.1_b0.9,0.2,1.1,0.9,S005,A,capacity_bound,25.0
r0.20_a1.1_b0.9,0.2,1.1,0.9,S005,B,capacity_bound,30.0
r0.20_a1.1_b0.9,0.2,1.1,0.9,S005,C,capacity_bound,80.0
r0.20_a1.1_b0.9,0.2,1.1,0.9,S006,A,capacity_bound,25.0
r0.20_a1.1_b0.9,0.2,1.1,0.9,S006,B,capacity_bound,30.0
r0.20_a1.1_b0.9,0.2,1.1,0.9,S006,C,capacity_bound,80.0
r0.20_a1.1_b0.9,0.2,1.1,0.9,S007,A,capacity_bound,25.0
r0.20_a1.1_b0.9,0.2,1.1,0.9,S007,B,capacity_bound,30.0
r0.20_a1.1_b0.9,0.2,1.1,0.9,S007,C,capacity_bound,80.0
r0.20_a1.1_b0.9,0.2,1.1,0.9,S008,A,energy_bound,21.35907980056155
r0.20_a1.1_b0.9,0.2,1.1,0.9,S008,B,energy_bound,24.04656686032642
r0.20_a1.1_b0.9,0.2,1.1,0.9,S008,C,energy_bound,45.19792714296134
r0.20_a1.1_b0.9,0.2,1.1,0.9,S009,A,capacity_bound,25.0
r0.20_a1.1_b0.9,0.2,1.1,0.9,S009,B,capacity_bound,30.0
r0.20_a1.1_b0.9,0.2,1.1,0.9,S009,C,capacity_bound,80.0
r0.20_a1.1_b0.9,0.2,1.1,0.9,S010,A,capacity_bound,25.0
r0.20_a1.1_b0.9,0.2,1.1,0.9,S010,B,capacity_bound,30.0
r0.20_a1.1_b0.9,0.2,1.1,0.9,S010,C,capacity_bound,80.0
r0.20_a1.1_b0.9,0.2,1.1,0.9,S011,A,capacity_bound,25.0
r0.20_a1.1_b0.9,0.2,1.1,0.9,S011,B,capacity_bound,30.0
r0.20_a1.1_b0.9,0.2,1.1,0.9,S011,C,capacity_bound,80.0
r0.20_a1.1_b0.9,0.2,1.1,0.9,S012,A,capacity_bound,25.0
r0.20_a1.1_b0.9,0.2,1.1,0.9,S012,B,energy_bound,28.391486021997448
r0.20_a1.1_b0.9,0.2,1.1,0.9,S012,C,energy_bound,57.90997189329004
r0.20_a1.1_b0.9,0.2,1.1,0.9,S013,A,capacity_bound,25.0
r0.20_a1.1_b0.9,0.2,1.1,0.9,S013,B,capacity_bound,30.0
r0.20_a1.1_b0.9,0.2,1.1,0.9,S013,C,capacity_bound,80.0
r0.20_a1.1_b0.9,0.2,1.1,0.9,S014,A,capacity_bound,25.0
r0.20_a1.1_b0.9,0.2,1.1,0.9,S014,B,capacity_bound,30.0
r0.20_a1.1_b0.9,0.2,1.1,0.9,S014,C,capacity_bound,80.0
r0.20_a1.1_b0.9,0.2,1.1,0.9,S015,A,capacity_bound,25.0
r0.20_a1.1_b0.9,0.2,1.1,0.9,S015,B,capacity_bound,30.0
r0.20_a1.1_b0.9,0.2,1.1,0.9,S015,C,energy_bound,76.7950887877204
r0.20_a1.1_b1.0,0.2,1.1,1.0,S001,A,capacity_bound,25.0
r0.20_a1.1_b1.0,0.2,1.1,1.0,S001,B,capacity_bound,30.0
r0.20_a1.1_b1.0,0.2,1.1,1.0,S001,C,capacity_bound,80.0
r0.20_a1.1_b1.0,0.2,1.1,1.0,S002,A,capacity_bound,25.0
r0.20_a1.1_b1.0,0.2,1.1,1.0,S002,B,energy_bound,28.768551950827764
r0.20_a1.1_b1.0,0.2,1.1,1.0,S002,C,energy_bound,58.459947799150385
r0.20_a1.1_b1.0,0.2,1.1,1.0,S003,A,capacity_bound,25.0
r0.20_a1.1_b1.0,0.2,1.1,1.0,S003,B,energy_bound,27.85382015778816
r0.20_a1.1_b1.0,0.2,1.1,1.0,S003,C,energy_bound,57.79648553853573
r0.20_a1.1_b1.0,0.2,1.1,1.0,S004,A,capacity_bound,25.0
r0.20_a1.1_b1.0,0.2,1.1,1.0,S004,B,energy_bound,25.99358132297366
r0.20_a1.1_b1.0,0.2,1.1,1.0,S004,C,energy_bound,51.55924632143629
r0.20_a1.1_b1.0,0.2,1.1,1.0,S005,A,capacity_bound,25.0
r0.20_a1.1_b1.0,0.2,1.1,1.0,S005,B,capacity_bound,30.0
r0.20_a1.1_b1.0,0.2,1.1,1.0,S005,C,capacity_bound,80.0
r0.20_a1.1_b1.0,0.2,1.1,1.0,S006,A,capacity_bound,25.0
r0.20_a1.1_b1.0,0.2,1.1,1.0,S006,B,capacity_bound,30.0
r0.20_a1.1_b1.0,0.2,1.1,1.0,S006,C,capacity_bound,80.0
r0.20_a1.1_b1.0,0.2,1.1,1.0,S007,A,capacity_bound,25.0
r0.20_a1.1_b1.0,0.2,1.1,1.0,S007,B,capacity_bound,30.0
r0.20_a1.1_b1.0,0.2,1.1,1.0,S007,C,capacity_bound,80.0
r0.20_a1.1_b1.0,0.2,1.1,1.0,S008,A,energy_bound,20.923716419639653
r0.20_a1.1_b1.0,0.2,1.1,1.0,S008,B,energy_bound,23.836649663964742
r0.20_a1.1_b1.0,0.2,1.1,1.0,S008,C,energy_bound,44.82213694618139
r0.20_a1.1_b1.0,0.2,1.1,1.0,S009,A,capacity_bound,25.0
r0.20_a1.1_b1.0,0.2,1.1,1.0,S009,B,capacity_bound,30.0
r0.20_a1.1_b1.0,0.2,1.1,1.0,S009,C,capacity_bound,80.0
r0.20_a1.1_b1.0,0.2,1.1,1.0,S010,A,capacity_bound,25.0
r0.20_a1.1_b1.0,0.2,1.1,1.0,S010,B,capacity_bound,30.0
r0.20_a1.1_b1.0,0.2,1.1,1.0,S010,C,capacity_bound,80.0
r0.20_a1.1_b1.0,0.2,1.1,1.0,S011,A,capacity_bound,25.0
r0.20_a1.1_b1.0,0.2,1.1,1.0,S011,B,capacity_bound,30.0
r0.20_a1.1_b1.0,0.2,1.1,1.0,S011,C,capacity_bound,80.0
r0.20_a1.1_b1.0,0.2,1.1,1.0,S012,A,capacity_bound,25.0
r0.20_a1.1_b1.0,0.2,1.1,1.0,S012,B,energy_bound,28.190478230596135
r0.20_a1.1_b1.0,0.2,1.1,1.0,S012,C,energy_bound,57.555138191592654
r0.20_a1.1_b1.0,0.2,1.1,1.0,S013,A,capacity_bound,25.0
r0.20_a1.1_b1.0,0.2,1.1,1.0,S013,B,capacity_bound,30.0
r0.20_a1.1_b1.0,0.2,1.1,1.0,S013,C,capacity_bound,80.0
r0.20_a1.1_b1.0,0.2,1.1,1.0,S014,A,capacity_bound,25.0
r0.20_a1.1_b1.0,0.2,1.1,1.0,S014,B,capacity_bound,30.0
r0.20_a1.1_b1.0,0.2,1.1,1.0,S014,C,capacity_bound,80.0
r0.20_a1.1_b1.0,0.2,1.1,1.0,S015,A,capacity_bound,25.0
r0.20_a1.1_b1.0,0.2,1.1,1.0,S015,B,capacity_bound,30.0
r0.20_a1.1_b1.0,0.2,1.1,1.0,S015,C,energy_bound,76.46955576836099
r0.20_a1.1_b1.1,0.2,1.1,1.1,S001,A,capacity_bound,25.0
r0.20_a1.1_b1.1,0.2,1.1,1.1,S001,B,capacity_bound,30.0
r0.20_a1.1_b1.1,0.2,1.1,1.1,S001,C,capacity_bound,80.0
r0.20_a1.1_b1.1,0.2,1.1,1.1,S002,A,capacity_bound,25.0
r0.20_a1.1_b1.1,0.2,1.1,1.1,S002,B,energy_bound,28.643116574521148
r0.20_a1.1_b1.1,0.2,1.1,1.1,S002,C,energy_bound,58.235254464006715
r0.20_a1.1_b1.1,0.2,1.1,1.1,S003,A,capacity_bound,25.0
r0.20_a1.1_b1.1,0.2,1.1,1.1,S003,B,energy_bound,27.524158146267997
r0.20_a1.1_b1.1,0.2,1.1,1.1,S003,C,energy_bound,57.2415321948645
r0.20_a1.1_b1.1,0.2,1.1,1.1,S004,A,capacity_bound,25.0
r0.20_a1.1_b1.1,0.2,1.1,1.1,S004,B,energy_bound,25.757077529032273
r0.20_a1.1_b1.1,0.2,1.1,1.1,S004,C,energy_bound,51.15151676064942
r0.20_a1.1_b1.1,0.2,1.1,1.1,S005,A,capacity_bound,25.0
r0.20_a1.1_b1.1,0.2,1.1,1.1,S005,B,capacity_bound,30.0
r0.20_a1.1_b1.1,0.2,1.1,1.1,S005,C,capacity_bound,80.0
r0.20_a1.1_b1.1,0.2,1.1,1.1,S006,A,capacity_bound,25.0
r0.20_a1.1_b1.1,0.2,1.1,1.1,S006,B,capacity_bound,30.0
r0.20_a1.1_b1.1,0.2,1.1,1.1,S006,C,capacity_bound,80.0
r0.20_a1.1_b1.1,0.2,1.1,1.1,S007,A,capacity_bound,25.0
r0.20_a1.1_b1.1,0.2,1.1,1.1,S007,B,capacity_bound,30.0
r0.20_a1.1_b1.1,0.2,1.1,1.1,S007,C,capacity_bound,80.0
r0.20_a1.1_b1.1,0.2,1.1,1.1,S008,A,energy_bound,20.48232976475688
r0.20_a1.1_b1.1,0.2,1.1,1.1,S008,B,energy_bound,23.624181959990224
r0.20_a1.1_b1.1,0.2,1.1,1.1,S008,C,energy_bound,44.444078475913734
r0.20_a1.1_b1.1,0.2,1.1,1.1,S009,A,capacity_bound,25.0
r0.20_a1.1_b1.1,0.2,1.1,1.1,S009,B,capacity_bound,30.0
r0.20_a1.1_b1.1,0.2,1.1,1.1,S009,C,capacity_bound,80.0
r0.20_a1.1_b1.1,0.2,1.1,1.1,S010,A,capacity_bound,25.0
r0.20_a1.1_b1.1,0.2,1.1,1.1,S010,B,capacity_bound,30.0
r0.20_a1.1_b1.1,0.2,1.1,1.1,S010,C,capacity_bound,80.0
r0.20_a1.1_b1.1,0.2,1.1,1.1,S011,A,capacity_bound,25.0
r0.20_a1.1_b1.1,0.2,1.1,1.1,S011,B,capacity_bound,30.0
r0.20_a1.1_b1.1,0.2,1.1,1.1,S011,C,capacity_bound,80.0
r0.20_a1.1_b1.1,0.2,1.1,1.1,S012,A,capacity_bound,25.0
r0.20_a1.1_b1.1,0.2,1.1,1.1,S012,B,energy_bound,27.98667269082717
r0.20_a1.1_b1.1,0.2,1.1,1.1,S012,C,energy_bound,57.1976475619364
r0.20_a1.1_b1.1,0.2,1.1,1.1,S013,A,capacity_bound,25.0
r0.20_a1.1_b1.1,0.2,1.1,1.1,S013,B,capacity_bound,30.0
r0.20_a1.1_b1.1,0.2,1.1,1.1,S013,C,capacity_bound,80.0
r0.20_a1.1_b1.1,0.2,1.1,1.1,S014,A,capacity_bound,25.0
r0.20_a1.1_b1.1,0.2,1.1,1.1,S014,B,capacity_bound,30.0
r0.20_a1.1_b1.1,0.2,1.1,1.1,S014,C,capacity_bound,80.0
r0.20_a1.1_b1.1,0.2,1.1,1.1,S015,A,capacity_bound,25.0
r0.20_a1.1_b1.1,0.2,1.1,1.1,S015,B,capacity_bound,30.0
r0.20_a1.1_b1.1,0.2,1.1,1.1,S015,C,energy_bound,76.14049091063208
r0.30_a0.9_b0.9,0.3,0.9,0.9,S001,A,capacity_bound,25.0
r0.30_a0.9_b0.9,0.3,0.9,0.9,S001,B,capacity_bound,30.0
r0.30_a0.9_b0.9,0.3,0.9,0.9,S001,C,capacity_bound,80.0
r0.30_a0.9_b0.9,0.3,0.9,0.9,S002,A,capacity_bound,25.0
r0.30_a0.9_b0.9,0.3,0.9,0.9,S002,B,capacity_bound,30.0
r0.30_a0.9_b0.9,0.3,0.9,0.9,S002,C,energy_bound,66.03367469131999
r0.30_a0.9_b0.9,0.3,0.9,0.9,S003,A,capacity_bound,25.0
r0.30_a0.9_b0.9,0.3,0.9,0.9,S003,B,capacity_bound,30.0
r0.30_a0.9_b0.9,0.3,0.9,0.9,S003,C,energy_bound,65.28855508243585
r0.30_a0.9_b0.9,0.3,0.9,0.9,S004,A,capacity_bound,25.0
r0.30_a0.9_b0.9,0.3,0.9,0.9,S004,B,energy_bound,29.168855717542243
r0.30_a0.9_b0.9,0.3,0.9,0.9,S004,C,energy_bound,60.39652913905407
r0.30_a0.9_b0.9,0.3,0.9,0.9,S005,A,capacity_bound,25.0
r0.30_a0.9_b0.9,0.3,0.9,0.9,S005,B,capacity_bound,30.0
r0.30_a0.9_b0.9,0.3,0.9,0.9,S005,C,capacity_bound,80.0
r0.30_a0.9_b0.9,0.3,0.9,0.9,S006,A,capacity_bound,25.0
r0.30_a0.9_b0.9,0.3,0.9,0.9,S006,B,capacity_bound,30.0
r0.30_a0.9_b0.9,0.3,0.9,0.9,S006,C,capacity_bound,80.0
r0.30_a0.9_b0.9,0.3,0.9,0.9,S007,A,capacity_bound,25.0
r0.30_a0.9_b0.9,0.3,0.9,0.9,S007,B,capacity_bound,30.0
r0.30_a0.9_b0.9,0.3,0.9,0.9,S007,C,capacity_bound,80.0
r0.30_a0.9_b0.9,0.3,0.9,0.9,S008,A,capacity_bound,25.0
r0.30_a0.9_b0.9,0.3,0.9,0.9,S008,B,energy_bound,27.435173387171957
r0.30_a0.9_b0.9,0.3,0.9,0.9,S008,C,energy_bound,55.14840329697521
r0.30_a0.9_b0.9,0.3,0.9,0.9,S009,A,capacity_bound,25.0
r0.30_a0.9_b0.9,0.3,0.9,0.9,S009,B,capacity_bound,30.0
r0.30_a0.9_b0.9,0.3,0.9,0.9,S009,C,capacity_bound,80.0
r0.30_a0.9_b0.9,0.3,0.9,0.9,S010,A,capacity_bound,25.0
r0.30_a0.9_b0.9,0.3,0.9,0.9,S010,B,capacity_bound,30.0
r0.30_a0.9_b0.9,0.3,0.9,0.9,S010,C,capacity_bound,80.0
r0.30_a0.9_b0.9,0.3,0.9,0.9,S011,A,capacity_bound,25.0
r0.30_a0.9_b0.9,0.3,0.9,0.9,S011,B,capacity_bound,30.0
r0.30_a0.9_b0.9,0.3,0.9,0.9,S011,C,capacity_bound,80.0
r0.30_a0.9_b0.9,0.3,0.9,0.9,S012,A,capacity_bound,25.0
r0.30_a0.9_b0.9,0.3,0.9,0.9,S012,B,capacity_bound,30.0
r0.30_a0.9_b0.9,0.3,0.9,0.9,S012,C,energy_bound,65.2155228927535
r0.30_a0.9_b0.9,0.3,0.9,0.9,S013,A,capacity_bound,25.0
r0.30_a0.9_b0.9,0.3,0.9,0.9,S013,B,capacity_bound,30.0
r0.30_a0.9_b0.9,0.3,0.9,0.9,S013,C,capacity_bound,80.0
r0.30_a0.9_b0.9,0.3,0.9,0.9,S014,A,capacity_bound,25.0
r0.30_a0.9_b0.9,0.3,0.9,0.9,S014,B,capacity_bound,30.0
r0.30_a0.9_b0.9,0.3,0.9,0.9,S014,C,capacity_bound,80.0
r0.30_a0.9_b0.9,0.3,0.9,0.9,S015,A,capacity_bound,25.0
r0.30_a0.9_b0.9,0.3,0.9,0.9,S015,B,capacity_bound,30.0
r0.30_a0.9_b0.9,0.3,0.9,0.9,S015,C,capacity_bound,80.0
r0.30_a0.9_b1.0,0.3,0.9,1.0,S001,A,capacity_bound,25.0
r0.30_a0.9_b1.0,0.3,0.9,1.0,S001,B,capacity_bound,30.0
r0.30_a0.9_b1.0,0.3,0.9,1.0,S001,C,capacity_bound,80.0
r0.30_a0.9_b1.0,0.3,0.9,1.0,S002,A,capacity_bound,25.0
r0.30_a0.9_b1.0,0.3,0.9,1.0,S002,B,capacity_bound,30.0
r0.30_a0.9_b1.0,0.3,0.9,1.0,S002,C,energy_bound,65.81484206453683
r0.30_a0.9_b1.0,0.3,0.9,1.0,S003,A,capacity_bound,25.0
r0.30_a0.9_b1.0,0.3,0.9,1.0,S003,B,capacity_bound,30.0
r0.30_a0.9_b1.0,0.3,0.9,1.0,S003,C,energy_bound,64.7433852676188
r0.30_a0.9_b1.0,0.3,0.9,1.0,S004,A,capacity_bound,25.0
r0.30_a0.9_b1.0,0.3,0.9,1.0,S004,B,energy_bound,28.941540469045144
r0.30_a0.9_b1.0,0.3,0.9,1.0,S004,C,energy_bound,60.004633637174315
r0.30_a0.9_b1.0,0.3,0.9,1.0,S005,A,capacity_bound,25.0
r0.30_a0.9_b1.0,0.3,0.9,1.0,S005,B,capacity_bound,30.0
r0.30_a0.9_b1.0,0.3,0.9,1.0,S005,C,capacity_bound,80.0
r0.30_a0.9_b1.0,0.3,0.9,1.0,S006,A,capacity_bound,25.0
r0.30_a0.9_b1.0,0.3,0.9,1.0,S006,B,capacity_bound,30.0
r0.30_a0.9_b1.0,0.3,0.9,1.0,S006,C,capacity_bound,80.0
r0.30_a0.9_b1.0,0.3,0.9,1.0,S007,A,capacity_bound,25.0
r0.30_a0.9_b1.0,0.3,0.9,1.0,S007,B,capacity_bound,30.0
r0.30_a0.9_b1.0,0.3,0.9,1.0,S007,C,capacity_bound,80.0
r0.30_a0.9_b1.0,0.3,0.9,1.0,S008,A,capacity_bound,25.0
r0.30_a0.9_b1.0,0.3,0.9,1.0,S008,B,energy_bound,27.23331391693821
r0.30_a0.9_b1.0,0.3,0.9,1.0,S008,C,energy_bound,54.78974095209797
r0.30_a0.9_b1.0,0.3,0.9,1.0,S009,A,capacity_bound,25.0
r0.30_a0.9_b1.0,0.3,0.9,1.0,S009,B,capacity_bound,30.0
r0.30_a0.9_b1.0,0.3,0.9,1.0,S009,C,capacity_bound,80.0
r0.30_a0.9_b1.0,0.3,0.9,1.0,S010,A,capacity_bound,25.0
r0.30_a0.9_b1.0,0.3,0.9,1.0,S010,B,capacity_bound,30.0
r0.30_a0.9_b1.0,0.3,0.9,1.0,S010,C,capacity_bound,80.0
r0.30_a0.9_b1.0,0.3,0.9,1.0,S011,A,capacity_bound,25.0
r0.30_a0.9_b1.0,0.3,0.9,1.0,S011,B,capacity_bound,30.0
r0.30_a0.9_b1.0,0.3,0.9,1.0,S011,C,capacity_bound,80.0
r0.30_a0.9_b1.0,0.3,0.9,1.0,S012,A,capacity_bound,25.0
r0.30_a0.9_b1.0,0.3,0.9,1.0,S012,B,capacity_bound,30.0
r0.30_a0.9_b1.0,0.3,0.9,1.0,S012,C,energy_bound,64.86631449154991
r0.30_a0.9_b1.0,0.3,0.9,1.0,S013,A,capacity_bound,25.0
r0.30_a0.9_b1.0,0.3,0.9,1.0,S013,B,capacity_bound,30.0
r0.30_a0.9_b1.0,0.3,0.9,1.0,S013,C,capacity_bound,80.0
r0.30_a0.9_b1.0,0.3,0.9,1.0,S014,A,capacity_bound,25.0
r0.30_a0.9_b1.0,0.3,0.9,1.0,S014,B,capacity_bound,30.0
r0.30_a0.9_b1.0,0.3,0.9,1.0,S014,C,capacity_bound,80.0
r0.30_a0.9_b1.0,0.3,0.9,1.0,S015,A,capacity_bound,25.0
r0.30_a0.9_b1.0,0.3,0.9,1.0,S015,B,capacity_bound,30.0
r0.30_a0.9_b1.0,0.3,0.9,1.0,S015,C,capacity_bound,80.0
r0.30_a0.9_b1.1,0.3,0.9,1.1,S001,A,capacity_bound,25.0
r0.30_a0.9_b1.1,0.3,0.9,1.1,S001,B,capacity_bound,30.0
r0.30_a0.9_b1.1,0.3,0.9,1.1,S001,C,capacity_bound,80.0
r0.30_a0.9_b1.1,0.3,0.9,1.1,S002,A,capacity_bound,25.0
r0.30_a0.9_b1.1,0.3,0.9,1.1,S002,B,capacity_bound,30.0
r0.30_a0.9_b1.1,0.3,0.9,1.1,S002,C,energy_bound,65.5947586560769
r0.30_a0.9_b1.1,0.3,0.9,1.1,S003,A,capacity_bound,25.0
r0.30_a0.9_b1.1,0.3,0.9,1.1,S003,B,energy_bound,29.996470345053137
r0.30_a0.9_b1.1,0.3,0.9,1.1,S003,C,energy_bound,64.19078419347956
r0.30_a0.9_b1.1,0.3,0.9,1.1,S004,A,capacity_bound,25.0
r0.30_a0.9_b1.1,0.3,0.9,1.1,S004,B,energy_bound,28.710452895007275
r0.30_a0.9_b1.1,0.3,0.9,1.1,S004,C,energy_bound,59.60918565094325
r0.30_a0.9_b1.1,0.3,0.9,1.1,S005,A,capacity_bound,25.0
r0.30_a0.9_b1.1,0.3,0.9,1.1,S005,B,capacity_bound,30.0
r0.30_a0.9_b1.1,0.3,0.9,1.1,S005,C,capacity_bound,80.0
r0.30_a0.9_b1.1,0.3,0.9,1.1,S006,A,capacity_bound,25.0
r0.30_a0.9_b1.1,0.3,0.9,1.1,S006,B,capacity_bound,30.0
r0.30_a0.9_b1.1,0.3,0.9,1.1,S006,C,capacity_bound,80.0
r0.30_a0.9_b1.1,0.3,0.9,1.1,S007,A,capacity_bound,25.0
r0.30_a0.9_b1.1,0.3,0.9,1.1,S007,B,capacity_bound,30.0
r0.30_a0.9_b1.1,0.3,0.9,1.1,S007,C,capacity_bound,80.0
r0.30_a0.9_b1.1,0.3,0.9,1.1,S008,A,capacity_bound,25.0
r0.30_a0.9_b1.1,0.3,0.9,1.1,S008,B,energy_bound,27.02876827685174
r0.30_a0.9_b1.1,0.3,0.9,1.1,S008,C,energy_bound,54.4285664399549
r0.30_a0.9_b1.1,0.3,0.9,1.1,S009,A,capacity_bound,25.0
r0.30_a0.9_b1.1,0.3,0.9,1.1,S009,B,capacity_bound,30.0
r0.30_a0.9_b1.1,0.3,0.9,1.1,S009,C,capacity_bound,80.0
r0.30_a0.9_b1.1,0.3,0.9,1.1,S010,A,capacity_bound,25.0
r0.30_a0.9_b1.1,0.3,0.9,1.1,S010,B,capacity_bound,30.0
r0.30_a0.9_b1.1,0.3,0.9,1.1,S010,C,capacity_bound,80.0
r0.30_a0.9_b1.1,0.3,0.9,1.1,S011,A,capacity_bound,25.0
r0.30_a0.9_b1.1,0.3,0.9,1.1,S011,B,capacity_bound,30.0
r0.30_a0.9_b1.1,0.3,0.9,1.1,S011,C,capacity_bound,80.0
r0.30_a0.9_b1.1,0.3,0.9,1.1,S012,A,capacity_bound,25.0
r0.30_a0.9_b1.1,0.3,0.9,1.1,S012,B,capacity_bound,30.0
r0.30_a0.9_b1.1,0.3,0.9,1.1,S012,C,energy_bound,64.51403855492305
r0.30_a0.9_b1.1,0.3,0.9,1.1,S013,A,capacity_bound,25.0
r0.30_a0.9_b1.1,0.3,0.9,1.1,S013,B,capacity_bound,30.0
r0.30_a0.9_b1.1,0.3,0.9,1.1,S013,C,capacity_bound,80.0
r0.30_a0.9_b1.1,0.3,0.9,1.1,S014,A,capacity_bound,25.0
r0.30_a0.9_b1.1,0.3,0.9,1.1,S014,B,capacity_bound,30.0
r0.30_a0.9_b1.1,0.3,0.9,1.1,S014,C,capacity_bound,80.0
r0.30_a0.9_b1.1,0.3,0.9,1.1,S015,A,capacity_bound,25.0
r0.30_a0.9_b1.1,0.3,0.9,1.1,S015,B,capacity_bound,30.0
r0.30_a0.9_b1.1,0.3,0.9,1.1,S015,C,capacity_bound,80.0
r0.30_a1.0_b0.9,0.3,1.0,0.9,S001,A,capacity_bound,25.0
r0.30_a1.0_b0.9,0.3,1.0,0.9,S001,B,capacity_bound,30.0
r0.30_a1.0_b0.9,0.3,1.0,0.9,S001,C,capacity_bound,80.0
r0.30_a1.0_b0.9,0.3,1.0,0.9,S002,A,capacity_bound,25.0
r0.30_a1.0_b0.9,0.3,1.0,0.9,S002,B,energy_bound,26.905057020291288
r0.30_a1.0_b0.9,0.3,1.0,0.9,S002,C,energy_bound,53.23614048315495
r0.30_a1.0_b0.9,0.3,1.0,0.9,S003,A,capacity_bound,25.0
r0.30_a1.0_b0.9,0.3,1.0,0.9,S003,B,energy_bound,25.845398089467373
r0.30_a1.0_b0.9,0.3,1.0,0.9,S003,C,energy_bound,52.49380300787328
r0.30_a1.0_b0.9,0.3,1.0,0.9,S004,A,energy_bound,20.800837303145027
r0.30_a1.0_b0.9,0.3,1.0,0.9,S004,B,energy_bound,23.74561128060441
r0.30_a1.0_b0.9,0.3,1.0,0.9,S004,C,energy_bound,45.269680519768855
r0.30_a1.0_b0.9,0.3,1.0,0.9,S005,A,capacity_bound,25.0
r0.30_a1.0_b0.9,0.3,1.0,0.9,S005,B,capacity_bound,30.0
r0.30_a1.0_b0.9,0.3,1.0,0.9,S005,C,capacity_bound,80.0
r0.30_a1.0_b0.9,0.3,1.0,0.9,S006,A,capacity_bound,25.0
r0.30_a1.0_b0.9,0.3,1.0,0.9,S006,B,capacity_bound,30.0
r0.30_a1.0_b0.9,0.3,1.0,0.9,S006,C,capacity_bound,80.0
r0.30_a1.0_b0.9,0.3,1.0,0.9,S007,A,capacity_bound,25.0
r0.30_a1.0_b0.9,0.3,1.0,0.9,S007,B,capacity_bound,30.0
r0.30_a1.0_b0.9,0.3,1.0,0.9,S007,C,capacity_bound,80.0
r0.30_a1.0_b0.9,0.3,1.0,0.9,S008,A,energy_bound,14.835619411862606
r0.30_a1.0_b0.9,0.3,1.0,0.9,S008,B,energy_bound,21.275549180921384
r0.30_a1.0_b0.9,0.3,1.0,0.9,S008,C,energy_bound,37.30352384276356
r0.30_a1.0_b0.9,0.3,1.0,0.9,S009,A,capacity_bound,25.0
r0.30_a1.0_b0.9,0.3,1.0,0.9,S009,B,capacity_bound,30.0
r0.30_a1.0_b0.9,0.3,1.0,0.9,S009,C,energy_bound,79.29006882167012
r0.30_a1.0_b0.9,0.3,1.0,0.9,S010,A,capacity_bound,25.0
r0.30_a1.0_b0.9,0.3,1.0,0.9,S010,B,capacity_bound,30.0
r0.30_a1.0_b0.9,0.3,1.0,0.9,S010,C,capacity_bound,80.0
r0.30_a1.0_b0.9,0.3,1.0,0.9,S011,A,capacity_bound,25.0
r0.30_a1.0_b0.9,0.3,1.0,0.9,S011,B,capacity_bound,30.0
r0.30_a1.0_b0.9,0.3,1.0,0.9,S011,C,capacity_bound,80.0
r0.30_a1.0_b0.9,0.3,1.0,0.9,S012,A,capacity_bound,25.0
r0.30_a1.0_b0.9,0.3,1.0,0.9,S012,B,energy_bound,26.243480036481312
r0.30_a1.0_b0.9,0.3,1.0,0.9,S012,C,energy_bound,52.20918393712268
r0.30_a1.0_b0.9,0.3,1.0,0.9,S013,A,capacity_bound,25.0
r0.30_a1.0_b0.9,0.3,1.0,0.9,S013,B,capacity_bound,30.0
r0.30_a1.0_b0.9,0.3,1.0,0.9,S013,C,capacity_bound,80.0
r0.30_a1.0_b0.9,0.3,1.0,0.9,S014,A,capacity_bound,25.0
r0.30_a1.0_b0.9,0.3,1.0,0.9,S014,B,capacity_bound,30.0
r0.30_a1.0_b0.9,0.3,1.0,0.9,S014,C,capacity_bound,80.0
r0.30_a1.0_b0.9,0.3,1.0,0.9,S015,A,capacity_bound,25.0
r0.30_a1.0_b0.9,0.3,1.0,0.9,S015,B,capacity_bound,30.0
r0.30_a1.0_b0.9,0.3,1.0,0.9,S015,C,energy_bound,73.41294175401865
r0.30_a1.0_b1.0,0.3,1.0,1.0,S001,A,capacity_bound,25.0
r0.30_a1.0_b1.0,0.3,1.0,1.0,S001,B,capacity_bound,30.0
r0.30_a1.0_b1.0,0.3,1.0,1.0,S001,C,capacity_bound,80.0
r0.30_a1.0_b1.0,0.3,1.0,1.0,S002,A,capacity_bound,25.0
r0.30_a1.0_b1.0,0.3,1.0,1.0,S002,B,energy_bound,26.74594698075868
r0.30_a1.0_b1.0,0.3,1.0,1.0,S002,C,energy_bound,52.951662218295986
r0.30_a1.0_b1.0,0.3,1.0,1.0,S003,A,energy_bound,24.734974464578897
r0.30_a1.0_b1.0,0.3,1.0,1.0,S003,B,energy_bound,25.425442274640027
r0.30_a1.0_b1.0,0.3,1.0,1.0,S003,C,energy_bound,51.7927882860985
r0.30_a1.0_b1.0,0.3,1.0,1.0,S004,A,energy_bound,20.168446306548628
r0.30_a1.0_b1.0,0.3,1.0,1.0,S004,B,energy_bound,23.44154797956381
r0.30_a1.0_b1.0,0.3,1.0,1.0,S004,C,energy_bound,44.74637679026043
r0.30_a1.0_b1.0,0.3,1.0,1.0,S005,A,capacity_bound,25.0
r0.30_a1.0_b1.0,0.3,1.0,1.0,S005,B,capacity_bound,30.0
r0.30_a1.0_b1.0,0.3,1.0,1.0,S005,C,capacity_bound,80.0
r0.30_a1.0_b1.0,0.3,1.0,1.0,S006,A,capacity_bound,25.0
r0.30_a1.0_b1.0,0.3,1.0,1.0,S006,B,capacity_bound,30.0
r0.30_a1.0_b1.0,0.3,1.0,1.0,S006,C,capacity_bound,80.0
r0.30_a1.0_b1.0,0.3,1.0,1.0,S007,A,capacity_bound,25.0
r0.30_a1.0_b1.0,0.3,1.0,1.0,S007,B,capacity_bound,30.0
r0.30_a1.0_b1.0,0.3,1.0,1.0,S007,C,capacity_bound,80.0
r0.30_a1.0_b1.0,0.3,1.0,1.0,S008,A,energy_bound,14.211302656215098
r0.30_a1.0_b1.0,0.3,1.0,1.0,S008,B,energy_bound,21.000107581443707
r0.30_a1.0_b1.0,0.3,1.0,1.0,S008,C,energy_bound,36.81157690238166
r0.30_a1.0_b1.0,0.3,1.0,1.0,S009,A,capacity_bound,25.0
r0.30_a1.0_b1.0,0.3,1.0,1.0,S009,B,capacity_bound,30.0
r0.30_a1.0_b1.0,0.3,1.0,1.0,S009,C,energy_bound,79.15348815040758
r0.30_a1.0_b1.0,0.3,1.0,1.0,S010,A,capacity_bound,25.0
r0.30_a1.0_b1.0,0.3,1.0,1.0,S010,B,capacity_bound,30.0
r0.30_a1.0_b1.0,0.3,1.0,1.0,S010,C,capacity_bound,80.0
r0.30_a1.0_b1.0,0.3,1.0,1.0,S011,A,capacity_bound,25.0
r0.30_a1.0_b1.0,0.3,1.0,1.0,S011,B,capacity_bound,30.0
r0.30_a1.0_b1.0,0.3,1.0,1.0,S011,C,capacity_bound,80.0
r0.30_a1.0_b1.0,0.3,1.0,1.0,S012,A,capacity_bound,25.0
r0.30_a1.0_b1.0,0.3,1.0,1.0,S012,B,energy_bound,25.98439625773003
r0.30_a1.0_b1.0,0.3,1.0,1.0,S012,C,energy_bound,51.75680632109571
r0.30_a1.0_b1.0,0.3,1.0,1.0,S013,A,capacity_bound,25.0
r0.30_a1.0_b1.0,0.3,1.0,1.0,S013,B,capacity_bound,30.0
r0.30_a1.0_b1.0,0.3,1.0,1.0,S013,C,capacity_bound,80.0
r0.30_a1.0_b1.0,0.3,1.0,1.0,S014,A,capacity_bound,25.0
r0.30_a1.0_b1.0,0.3,1.0,1.0,S014,B,capacity_bound,30.0
r0.30_a1.0_b1.0,0.3,1.0,1.0,S014,C,energy_bound,79.90408097540353
r0.30_a1.0_b1.0,0.3,1.0,1.0,S015,A,capacity_bound,25.0
r0.30_a1.0_b1.0,0.3,1.0,1.0,S015,B,capacity_bound,30.0
r0.30_a1.0_b1.0,0.3,1.0,1.0,S015,C,energy_bound,73.00645448688097
r0.30_a1.0_b1.1,0.3,1.0,1.1,S001,A,capacity_bound,25.0
r0.30_a1.0_b1.1,0.3,1.0,1.1,S001,B,capacity_bound,30.0
r0.30_a1.0_b1.1,0.3,1.0,1.1,S001,C,capacity_bound,80.0
r0.30_a1.0_b1.1,0.3,1.0,1.1,S002,A,capacity_bound,25.0
r0.30_a1.0_b1.1,0.3,1.0,1.1,S002,B,energy_bound,26.58517969529048
r0.30_a1.0_b1.1,0.3,1.0,1.1,S002,C,energy_bound,52.66561523747075
r0.30_a1.0_b1.1,0.3,1.0,1.1,S003,A,energy_bound,23.892506862558392
r0.30_a1.0_b1.1,0.3,1.0,1.1,S003,B,energy_bound,24.994616115334157
r0.30_a1.0_b1.1,0.3,1.0,1.1,S003,C,energy_bound,51.0827618480389
r0.30_a1.0_b1.1,0.3,1.0,1.1,S004,A,energy_bound,19.522696426903153
r0.30_a1.0_b1.1,0.3,1.0,1.1,S004,B,energy_bound,23.132036698103935
r0.30_a1.0_b1.1,0.3,1.0,1.1,S004,C,energy_bound,44.21836603778973
r0.30_a1.0_b1.1,0.3,1.0,1.1,S005,A,capacity_bound,25.0
r0.30_a1.0_b1.1,0.3,1.0,1.1,S005,B,capacity_bound,30.0
r0.30_a1.0_b1.1,0.3,1.0,1.1,S005,C,capacity_bound,80.0
r0.30_a1.0_b1.1,0.3,1.0,1.1,S006,A,capacity_bound,25.0
r0.30_a1.0_b1.1,0.3,1.0,1.1,S006,B,capacity_bound,30.0
r0.30_a1.0_b1.1,0.3,1.0,1.1,S006,C,capacity_bound,80.0
r0.30_a1.0_b1.1,0.3,1.0,1.1,S007,A,capacity_bound,25.0
r0.30_a1.0_b1.1,0.3,1.0,1.1,S007,B,capacity_bound,30.0
r0.30_a1.0_b1.1,0.3,1.0,1.1,S007,C,capacity_bound,80.0
r0.30_a1.0_b1.1,0.3,1.0,1.1,S008,A,energy_bound,13.573332772876332
r0.30_a1.0_b1.1,0.3,1.0,1.1,S008,B,energy_bound,20.720645514245717
r0.30_a1.0_b1.1,0.3,1.0,1.1,S008,C,energy_bound,36.31616277047637
r0.30_a1.0_b1.1,0.3,1.0,1.1,S009,A,capacity_bound,25.0
r0.30_a1.0_b1.1,0.3,1.0,1.1,S009,B,capacity_bound,30.0
r0.30_a1.0_b1.1,0.3,1.0,1.1,S009,C,energy_bound,79.01620841538518
r0.30_a1.0_b1.1,0.3,1.0,1.1,S010,A,capacity_bound,25.0
r0.30_a1.0_b1.1,0.3,1.0,1.1,S010,B,capacity_bound,30.0
r0.30_a1.0_b1.1,0.3,1.0,1.1,S010,C,capacity_bound,80.0
r0.30_a1.0_b1.1,0.3,1.0,1.1,S011,A,capacity_bound,25.0
r0.30_a1.0_b1.1,0.3,1.0,1.1,S011,B,capacity_bound,30.0
r0.30_a1.0_b1.1,0.3,1.0,1.1,S011,C,capacity_bound,80.0
r0.30_a1.0_b1.1,0.3,1.0,1.1,S012,A,capacity_bound,25.0
r0.30_a1.0_b1.1,0.3,1.0,1.1,S012,B,energy_bound,25.72108452077573
r0.30_a1.0_b1.1,0.3,1.0,1.1,S012,C,energy_bound,51.3006489866886
r0.30_a1.0_b1.1,0.3,1.0,1.1,S013,A,capacity_bound,25.0
r0.30_a1.0_b1.1,0.3,1.0,1.1,S013,B,capacity_bound,30.0
r0.30_a1.0_b1.1,0.3,1.0,1.1,S013,C,capacity_bound,80.0
r0.30_a1.0_b1.1,0.3,1.0,1.1,S014,A,capacity_bound,25.0
r0.30_a1.0_b1.1,0.3,1.0,1.1,S014,B,capacity_bound,30.0
r0.30_a1.0_b1.1,0.3,1.0,1.1,S014,C,energy_bound,79.49433280439915
r0.30_a1.0_b1.1,0.3,1.0,1.1,S015,A,capacity_bound,25.0
r0.30_a1.0_b1.1,0.3,1.0,1.1,S015,B,capacity_bound,30.0
r0.30_a1.0_b1.1,0.3,1.0,1.1,S015,C,energy_bound,72.59504278286818
r0.30_a1.1_b0.9,0.3,1.1,0.9,S001,A,capacity_bound,25.0
r0.30_a1.1_b0.9,0.3,1.1,0.9,S001,B,capacity_bound,30.0
r0.30_a1.1_b0.9,0.3,1.1,0.9,S001,C,capacity_bound,80.0
r0.30_a1.1_b0.9,0.3,1.1,0.9,S002,A,energy_bound,14.465499004325721
r0.30_a1.1_b0.9,0.3,1.1,0.9,S002,B,energy_bound,21.19813790331337
r0.30_a1.1_b0.9,0.3,1.1,0.9,S002,C,energy_bound,36.3826949540794
r0.30_a1.1_b0.9,0.3,1.1,0.9,S003,A,energy_bound,11.785643168449155
r0.30_a1.1_b0.9,0.3,1.1,0.9,S003,B,energy_bound,19.853436666211937
r0.30_a1.1_b0.9,0.3,1.1,0.9,S003,C,energy_bound,35.85595712462695
r0.30_a1.1_b0.9,0.3,1.1,0.9,S004,A,unreachable_empty,
r0.30_a1.1_b0.9,0.3,1.1,0.9,S004,B,energy_bound,16.697937283654444
r0.30_a1.1_b0.9,0.3,1.1,0.9,S004,C,energy_bound,23.850712313033927
r0.30_a1.1_b0.9,0.3,1.1,0.9,S005,A,capacity_bound,25.0
r0.30_a1.1_b0.9,0.3,1.1,0.9,S005,B,capacity_bound,30.0
r0.30_a1.1_b0.9,0.3,1.1,0.9,S005,C,energy_bound,77.6116969059504
r0.30_a1.1_b0.9,0.3,1.1,0.9,S006,A,capacity_bound,25.0
r0.30_a1.1_b0.9,0.3,1.1,0.9,S006,B,capacity_bound,30.0
r0.30_a1.1_b0.9,0.3,1.1,0.9,S006,C,capacity_bound,80.0
r0.30_a1.1_b0.9,0.3,1.1,0.9,S007,A,capacity_bound,25.0
r0.30_a1.1_b0.9,0.3,1.1,0.9,S007,B,capacity_bound,30.0
r0.30_a1.1_b0.9,0.3,1.1,0.9,S007,C,capacity_bound,80.0
r0.30_a1.1_b0.9,0.3,1.1,0.9,S008,A,unreachable_empty,
r0.30_a1.1_b0.9,0.3,1.1,0.9,S008,B,energy_bound,12.845097041484488
r0.30_a1.1_b0.9,0.3,1.1,0.9,S008,C,energy_bound,7.415619046865194
r0.30_a1.1_b0.9,0.3,1.1,0.9,S009,A,capacity_bound,25.0
r0.30_a1.1_b0.9,0.3,1.1,0.9,S009,B,capacity_bound,30.0
r0.30_a1.1_b0.9,0.3,1.1,0.9,S009,C,energy_bound,71.99632473556211
r0.30_a1.1_b0.9,0.3,1.1,0.9,S010,A,capacity_bound,25.0
r0.30_a1.1_b0.9,0.3,1.1,0.9,S010,B,capacity_bound,30.0
r0.30_a1.1_b0.9,0.3,1.1,0.9,S010,C,capacity_bound,80.0
r0.30_a1.1_b0.9,0.3,1.1,0.9,S011,A,capacity_bound,25.0
r0.30_a1.1_b0.9,0.3,1.1,0.9,S011,B,capacity_bound,30.0
r0.30_a1.1_b0.9,0.3,1.1,0.9,S011,C,capacity_bound,80.0
r0.30_a1.1_b0.9,0.3,1.1,0.9,S012,A,energy_bound,12.496592403087654
r0.30_a1.1_b0.9,0.3,1.1,0.9,S012,B,energy_bound,20.324971967513804
r0.30_a1.1_b0.9,0.3,1.1,0.9,S012,C,energy_bound,35.06924214068185
r0.30_a1.1_b0.9,0.3,1.1,0.9,S013,A,capacity_bound,25.0
r0.30_a1.1_b0.9,0.3,1.1,0.9,S013,B,capacity_bound,30.0
r0.30_a1.1_b0.9,0.3,1.1,0.9,S013,C,capacity_bound,80.0
r0.30_a1.1_b0.9,0.3,1.1,0.9,S014,A,capacity_bound,25.0
r0.30_a1.1_b0.9,0.3,1.1,0.9,S014,B,capacity_bound,30.0
r0.30_a1.1_b0.9,0.3,1.1,0.9,S014,C,energy_bound,73.39350116034147
r0.30_a1.1_b0.9,0.3,1.1,0.9,S015,A,capacity_bound,25.0
r0.30_a1.1_b0.9,0.3,1.1,0.9,S015,B,capacity_bound,30.0
r0.30_a1.1_b0.9,0.3,1.1,0.9,S015,C,energy_bound,64.62064700906525
r0.30_a1.1_b1.0,0.3,1.1,1.0,S001,A,capacity_bound,25.0
r0.30_a1.1_b1.0,0.3,1.1,1.0,S001,B,capacity_bound,30.0
r0.30_a1.1_b1.0,0.3,1.1,1.0,S001,C,capacity_bound,80.0
r0.30_a1.1_b1.0,0.3,1.1,1.0,S002,A,energy_bound,13.972965392108733
r0.30_a1.1_b1.0,0.3,1.1,1.0,S002,B,energy_bound,20.98546437176379
r0.30_a1.1_b1.0,0.3,1.1,1.0,S002,C,energy_bound,35.997146067502605
r0.30_a1.1_b1.0,0.3,1.1,1.0,S003,A,energy_bound,10.465095652213298
r0.30_a1.1_b1.0,0.3,1.1,1.0,S003,B,energy_bound,19.291892573258913
r0.30_a1.1_b1.0,0.3,1.1,1.0,S003,C,energy_bound,34.92284709836221
r0.30_a1.1_b1.0,0.3,1.1,1.0,S004,A,unreachable_empty,
r0.30_a1.1_b1.0,0.3,1.1,1.0,S004,B,energy_bound,16.269556253111414
r0.30_a1.1_b1.0,0.3,1.1,1.0,S004,C,energy_bound,23.071779463753302
r0.30_a1.1_b1.0,0.3,1.1,1.0,S005,A,capacity_bound,25.0
r0.30_a1.1_b1.0,0.3,1.1,1.0,S005,B,capacity_bound,30.0
r0.30_a1.1_b1.0,0.3,1.1,1.0,S005,C,energy_bound,77.41953399018811
r0.30_a1.1_b1.0,0.3,1.1,1.0,S006,A,capacity_bound,25.0
r0.30_a1.1_b1.0,0.3,1.1,1.0,S006,B,capacity_bound,30.0
r0.30_a1.1_b1.0,0.3,1.1,1.0,S006,C,capacity_bound,80.0
r0.30_a1.1_b1.0,0.3,1.1,1.0,S007,A,capacity_bound,25.0
r0.30_a1.1_b1.0,0.3,1.1,1.0,S007,B,capacity_bound,30.0
r0.30_a1.1_b1.0,0.3,1.1,1.0,S007,C,capacity_bound,80.0
r0.30_a1.1_b1.0,0.3,1.1,1.0,S008,A,unreachable_empty,
r0.30_a1.1_b1.0,0.3,1.1,1.0,S008,B,energy_bound,12.432399419387247
r0.30_a1.1_b1.0,0.3,1.1,1.0,S008,C,energy_bound,6.347965737297958
r0.30_a1.1_b1.0,0.3,1.1,1.0,S009,A,capacity_bound,25.0
r0.30_a1.1_b1.0,0.3,1.1,1.0,S009,B,capacity_bound,30.0
r0.30_a1.1_b1.0,0.3,1.1,1.0,S009,C,energy_bound,71.83067109069397
r0.30_a1.1_b1.0,0.3,1.1,1.0,S010,A,capacity_bound,25.0
r0.30_a1.1_b1.0,0.3,1.1,1.0,S010,B,capacity_bound,30.0
r0.30_a1.1_b1.0,0.3,1.1,1.0,S010,C,capacity_bound,80.0
r0.30_a1.1_b1.0,0.3,1.1,1.0,S011,A,capacity_bound,25.0
r0.30_a1.1_b1.0,0.3,1.1,1.0,S011,B,capacity_bound,30.0
r0.30_a1.1_b1.0,0.3,1.1,1.0,S011,C,capacity_bound,80.0
r0.30_a1.1_b1.0,0.3,1.1,1.0,S012,A,energy_bound,11.67251006160658
r0.30_a1.1_b1.0,0.3,1.1,1.0,S012,B,energy_bound,19.977739224351044
r0.30_a1.1_b1.0,0.3,1.1,1.0,S012,C,energy_bound,34.45835380914667
r0.30_a1.1_b1.0,0.3,1.1,1.0,S013,A,capacity_bound,25.0
r0.30_a1.1_b1.0,0.3,1.1,1.0,S013,B,capacity_bound,30.0
r0.30_a1.1_b1.0,0.3,1.1,1.0,S013,C,capacity_bound,80.0
r0.30_a1.1_b1.0,0.3,1.1,1.0,S014,A,capacity_bound,25.0
r0.30_a1.1_b1.0,0.3,1.1,1.0,S014,B,capacity_bound,30.0
r0.30_a1.1_b1.0,0.3,1.1,1.0,S014,C,energy_bound,72.90806399504719
r0.30_a1.1_b1.0,0.3,1.1,1.0,S015,A,capacity_bound,25.0
r0.30_a1.1_b1.0,0.3,1.1,1.0,S015,B,capacity_bound,30.0
r0.30_a1.1_b1.0,0.3,1.1,1.0,S015,C,energy_bound,64.12656667888913
r0.30_a1.1_b1.1,0.3,1.1,1.1,S001,A,capacity_bound,25.0
r0.30_a1.1_b1.1,0.3,1.1,1.1,S001,B,capacity_bound,30.0
r0.30_a1.1_b1.1,0.3,1.1,1.1,S001,C,capacity_bound,80.0
r0.30_a1.1_b1.1,0.3,1.1,1.1,S002,A,energy_bound,13.47149692414082
r0.30_a1.1_b1.1,0.3,1.1,1.1,S002,B,energy_bound,20.770346534681376
r0.30_a1.1_b1.1,0.3,1.1,1.1,S002,C,energy_bound,35.60935599266443
r0.30_a1.1_b1.1,0.3,1.1,1.1,S003,A,energy_bound,9.071493963043261
r0.30_a1.1_b1.1,0.3,1.1,1.1,S003,B,energy_bound,18.714239553230158
r0.30_a1.1_b1.1,0.3,1.1,1.1,S003,C,energy_bound,33.97747860913963
r0.30_a1.1_b1.1,0.3,1.1,1.1,S004,A,unreachable_empty,
r0.30_a1.1_b1.1,0.3,1.1,1.1,S004,B,energy_bound,15.831800022405268
r0.30_a1.1_b1.1,0.3,1.1,1.1,S004,C,energy_bound,22.28240929194267
r0.30_a1.1_b1.1,0.3,1.1,1.1,S005,A,capacity_bound,25.0
r0.30_a1.1_b1.1,0.3,1.1,1.1,S005,B,capacity_bound,30.0
r0.30_a1.1_b1.1,0.3,1.1,1.1,S005,C,energy_bound,77.22601706966377
r0.30_a1.1_b1.1,0.3,1.1,1.1,S006,A,capacity_bound,25.0
r0.30_a1.1_b1.1,0.3,1.1,1.1,S006,B,capacity_bound,30.0
r0.30_a1.1_b1.1,0.3,1.1,1.1,S006,C,capacity_bound,80.0
r0.30_a1.1_b1.1,0.3,1.1,1.1,S007,A,capacity_bound,25.0
r0.30_a1.1_b1.1,0.3,1.1,1.1,S007,B,capacity_bound,30.0
r0.30_a1.1_b1.1,0.3,1.1,1.1,S007,C,capacity_bound,80.0
r0.30_a1.1_b1.1,0.3,1.1,1.1,S008,A,unreachable_empty,
r0.30_a1.1_b1.1,0.3,1.1,1.1,S008,B,energy_bound,12.011115532776913
r0.30_a1.1_b1.1,0.3,1.1,1.1,S008,C,energy_bound,5.210879042486414
r0.30_a1.1_b1.1,0.3,1.1,1.1,S009,A,capacity_bound,25.0
r0.30_a1.1_b1.1,0.3,1.1,1.1,S009,B,capacity_bound,30.0
r0.30_a1.1_b1.1,0.3,1.1,1.1,S009,C,energy_bound,71.6641906648261
r0.30_a1.1_b1.1,0.3,1.1,1.1,S010,A,capacity_bound,25.0
r0.30_a1.1_b1.1,0.3,1.1,1.1,S010,B,capacity_bound,30.0
r0.30_a1.1_b1.1,0.3,1.1,1.1,S010,C,capacity_bound,80.0
r0.30_a1.1_b1.1,0.3,1.1,1.1,S011,A,capacity_bound,25.0
r0.30_a1.1_b1.1,0.3,1.1,1.1,S011,B,capacity_bound,30.0
r0.30_a1.1_b1.1,0.3,1.1,1.1,S011,C,capacity_bound,80.0
r0.30_a1.1_b1.1,0.3,1.1,1.1,S012,A,energy_bound,10.821429618051093
r0.30_a1.1_b1.1,0.3,1.1,1.1,S012,B,energy_bound,19.62422927665902
r0.30_a1.1_b1.1,0.3,1.1,1.1,S012,C,energy_bound,33.84212085808842
r0.30_a1.1_b1.1,0.3,1.1,1.1,S013,A,capacity_bound,25.0
r0.30_a1.1_b1.1,0.3,1.1,1.1,S013,B,capacity_bound,30.0
r0.30_a1.1_b1.1,0.3,1.1,1.1,S013,C,capacity_bound,80.0
r0.30_a1.1_b1.1,0.3,1.1,1.1,S014,A,capacity_bound,25.0
r0.30_a1.1_b1.1,0.3,1.1,1.1,S014,B,capacity_bound,30.0
r0.30_a1.1_b1.1,0.3,1.1,1.1,S014,C,energy_bound,72.41526405139331
r0.30_a1.1_b1.1,0.3,1.1,1.1,S015,A,capacity_bound,25.0
r0.30_a1.1_b1.1,0.3,1.1,1.1,S015,B,capacity_bound,30.0
r0.30_a1.1_b1.1,0.3,1.1,1.1,S015,C,energy_bound,63.62689975814523
r0.40_a0.9_b0.9,0.4,0.9,0.9,S001,A,capacity_bound,25.0
r0.40_a0.9_b0.9,0.4,0.9,0.9,S001,B,capacity_bound,30.0
r0.40_a0.9_b0.9,0.4,0.9,0.9,S001,C,capacity_bound,80.0
r0.40_a0.9_b0.9,0.4,0.9,0.9,S002,A,energy_bound,21.141750430297414
r0.40_a0.9_b0.9,0.4,0.9,0.9,S002,B,energy_bound,23.94876257869846
r0.40_a0.9_b0.9,0.4,0.9,0.9,S002,C,energy_bound,44.99164929078206
r0.40_a0.9_b0.9,0.4,0.9,0.9,S003,A,energy_bound,17.972297230803136
r0.40_a0.9_b0.9,0.4,0.9,0.9,S003,B,energy_bound,22.304007186221966
r0.40_a0.9_b0.9,0.4,0.9,0.9,S003,C,energy_bound,43.59872233241041
r0.40_a0.9_b0.9,0.4,0.9,0.9,S004,A,energy_bound,11.630036431194043
r0.40_a0.9_b0.9,0.4,0.9,0.9,S004,B,energy_bound,19.949281501144533
r0.40_a0.9_b0.9,0.4,0.9,0.9,S004,C,energy_bound,34.79698966711966
r0.40_a0.9_b0.9,0.4,0.9,0.9,S005,A,capacity_bound,25.0
r0.40_a0.9_b0.9,0.4,0.9,0.9,S005,B,capacity_bound,30.0
r0.40_a0.9_b0.9,0.4,0.9,0.9,S005,C,capacity_bound,80.0
r0.40_a0.9_b0.9,0.4,0.9,0.9,S006,A,capacity_bound,25.0
r0.40_a0.9_b0.9,0.4,0.9,0.9,S006,B,capacity_bound,30.0
r0.40_a0.9_b0.9,0.4,0.9,0.9,S006,C,capacity_bound,80.0
r0.40_a0.9_b0.9,0.4,0.9,0.9,S007,A,capacity_bound,25.0
r0.40_a0.9_b0.9,0.4,0.9,0.9,S007,B,capacity_bound,30.0
r0.40_a0.9_b0.9,0.4,0.9,0.9,S007,C,capacity_bound,80.0
r0.40_a0.9_b0.9,0.4,0.9,0.9,S008,A,unreachable_empty,
r0.40_a0.9_b0.9,0.4,0.9,0.9,S008,B,energy_bound,16.96352413606816
r0.40_a0.9_b0.9,0.4,0.9,0.9,S008,C,energy_bound,24.34971574157752
r0.40_a0.9_b0.9,0.4,0.9,0.9,S009,A,capacity_bound,25.0
r0.40_a0.9_b0.9,0.4,0.9,0.9,S009,B,capacity_bound,30.0
r0.40_a0.9_b0.9,0.4,0.9,0.9,S009,C,energy_bound,75.54553535848848
r0.40_a0.9_b0.9,0.4,0.9,0.9,S010,A,capacity_bound,25.0
r0.40_a0.9_b0.9,0.4,0.9,0.9,S010,B,capacity_bound,30.0
r0.40_a0.9_b0.9,0.4,0.9,0.9,S010,C,capacity_bound,80.0
r0.40_a0.9_b0.9,0.4,0.9,0.9,S011,A,capacity_bound,25.0
r0.40_a0.9_b0.9,0.4,0.9,0.9,S011,B,capacity_bound,30.0
r0.40_a0.9_b0.9,0.4,0.9,0.9,S011,C,capacity_bound,80.0
r0.40_a0.9_b0.9,0.4,0.9,0.9,S012,A,energy_bound,19.237014275767493
r0.40_a0.9_b0.9,0.4,0.9,0.9,S012,B,energy_bound,23.01804071630194
r0.40_a0.9_b0.9,0.4,0.9,0.9,S012,C,energy_bound,43.54655610130494
r0.40_a0.9_b0.9,0.4,0.9,0.9,S013,A,capacity_bound,25.0
r0.40_a0.9_b0.9,0.4,0.9,0.9,S013,B,capacity_bound,30.0
r0.40_a0.9_b0.9,0.4,0.9,0.9,S013,C,capacity_bound,80.0
r0.40_a0.9_b0.9,0.4,0.9,0.9,S014,A,capacity_bound,25.0
r0.40_a0.9_b0.9,0.4,0.9,0.9,S014,B,capacity_bound,30.0
r0.40_a0.9_b0.9,0.4,0.9,0.9,S014,C,energy_bound,76.29585592050712
r0.40_a0.9_b0.9,0.4,0.9,0.9,S015,A,capacity_bound,25.0
r0.40_a0.9_b0.9,0.4,0.9,0.9,S015,B,capacity_bound,30.0
r0.40_a0.9_b0.9,0.4,0.9,0.9,S015,C,energy_bound,68.51781157858518
r0.40_a0.9_b1.0,0.4,0.9,1.0,S001,A,capacity_bound,25.0
r0.40_a0.9_b1.0,0.4,0.9,1.0,S001,B,capacity_bound,30.0
r0.40_a0.9_b1.0,0.4,0.9,1.0,S001,C,capacity_bound,80.0
r0.40_a0.9_b1.0,0.4,0.9,1.0,S002,A,energy_bound,20.68931921479093
r0.40_a0.9_b1.0,0.4,0.9,1.0,S002,B,energy_bound,23.73153003882298
r0.40_a0.9_b1.0,0.4,0.9,1.0,S002,C,energy_bound,44.605588051388544
r0.40_a0.9_b1.0,0.4,0.9,1.0,S003,A,energy_bound,16.75212757958192
r0.40_a0.9_b1.0,0.4,0.9,1.0,S003,B,energy_bound,21.716260122832956
r0.40_a0.9_b1.0,0.4,0.9,1.0,S003,C,energy_bound,42.644047205947516
r0.40_a0.9_b1.0,0.4,0.9,1.0,S004,A,energy_bound,10.586148915351544
r0.40_a0.9_b1.0,0.4,0.9,1.0,S004,B,energy_bound,19.519988503635027
r0.40_a0.9_b1.0,0.4,0.9,1.0,S004,C,energy_bound,34.06202012699371
r0.40_a0.9_b1.0,0.4,0.9,1.0,S005,A,capacity_bound,25.0
r0.40_a0.9_b1.0,0.4,0.9,1.0,S005,B,capacity_bound,30.0
r0.40_a0.9_b1.0,0.4,0.9,1.0,S005,C,capacity_bound,80.0
r0.40_a0.9_b1.0,0.4,0.9,1.0,S006,A,capacity_bound,25.0
r0.40_a0.9_b1.0,0.4,0.9,1.0,S006,B,capacity_bound,30.0
r0.40_a0.9_b1.0,0.4,0.9,1.0,S006,C,capacity_bound,80.0
r0.40_a0.9_b1.0,0.4,0.9,1.0,S007,A,capacity_bound,25.0
r0.40_a0.9_b1.0,0.4,0.9,1.0,S007,B,capacity_bound,30.0
r0.40_a0.9_b1.0,0.4,0.9,1.0,S007,C,capacity_bound,80.0
r0.40_a0.9_b1.0,0.4,0.9,1.0,S008,A,unreachable_empty,
r0.40_a0.9_b1.0,0.4,0.9,1.0,S008,B,energy_bound,16.568661378524233
r0.40_a0.9_b1.0,0.4,0.9,1.0,S008,C,energy_bound,23.625893648294646
r0.40_a0.9_b1.0,0.4,0.9,1.0,S009,A,capacity_bound,25.0
r0.40_a0.9_b1.0,0.4,0.9,1.0,S009,B,capacity_bound,30.0
r0.40_a0.9_b1.0,0.4,0.9,1.0,S009,C,energy_bound,75.36860111319585
r0.40_a0.9_b1.0,0.4,0.9,1.0,S010,A,capacity_bound,25.0
r0.40_a0.9_b1.0,0.4,0.9,1.0,S010,B,capacity_bound,30.0
r0.40_a0.9_b1.0,0.4,0.9,1.0,S010,C,capacity_bound,80.0
r0.40_a0.9_b1.0,0.4,0.9,1.0,S011,A,capacity_bound,25.0
r0.40_a0.9_b1.0,0.4,0.9,1.0,S011,B,capacity_bound,30.0
r0.40_a0.9_b1.0,0.4,0.9,1.0,S011,C,capacity_bound,80.0
r0.40_a0.9_b1.0,0.4,0.9,1.0,S012,A,energy_bound,18.488439461081672
r0.40_a0.9_b1.0,0.4,0.9,1.0,S012,B,energy_bound,22.66058217649682
r0.40_a0.9_b1.0,0.4,0.9,1.0,S012,C,energy_bound,42.93120354476762
r0.40_a0.9_b1.0,0.4,0.9,1.0,S013,A,capacity_bound,25.0
r0.40_a0.9_b1.0,0.4,0.9,1.0,S013,B,capacity_bound,30.0
r0.40_a0.9_b1.0,0.4,0.9,1.0,S013,C,capacity_bound,80.0
r0.40_a0.9_b1.0,0.4,0.9,1.0,S014,A,capacity_bound,25.0
r0.40_a0.9_b1.0,0.4,0.9,1.0,S014,B,capacity_bound,30.0
r0.40_a0.9_b1.0,0.4,0.9,1.0,S014,C,energy_bound,75.76665877633164
r0.40_a0.9_b1.0,0.4,0.9,1.0,S015,A,capacity_bound,25.0
r0.40_a0.9_b1.0,0.4,0.9,1.0,S015,B,capacity_bound,30.0
r0.40_a0.9_b1.0,0.4,0.9,1.0,S015,C,energy_bound,67.98513764855034
r0.40_a0.9_b1.1,0.4,0.9,1.1,S001,A,capacity_bound,25.0
r0.40_a0.9_b1.1,0.4,0.9,1.1,S001,B,capacity_bound,30.0
r0.40_a0.9_b1.1,0.4,0.9,1.1,S001,C,capacity_bound,80.0
r0.40_a0.9_b1.1,0.4,0.9,1.1,S002,A,energy_bound,20.230223172134053
r0.40_a0.9_b1.1,0.4,0.9,1.1,S002,B,energy_bound,23.51153919149961
r0.40_a0.9_b1.1,0.4,0.9,1.1,S002,C,energy_bound,44.21706316813911
r0.40_a0.9_b1.1,0.4,0.9,1.1,S003,A,energy_bound,15.484973432568161
r0.40_a0.9_b1.1,0.4,0.9,1.1,S003,B,energy_bound,21.109868814231216
r0.40_a0.9_b1.1,0.4,0.9,1.1,S003,C,energy_bound,41.67555794928041
r0.40_a0.9_b1.1,0.4,0.9,1.1,S004,A,energy_bound,9.49399506879436
r0.40_a0.9_b1.1,0.4,0.9,1.1,S004,B,energy_bound,19.0809259013163
r0.40_a0.9_b1.1,0.4,0.9,1.1,S004,C,energy_bound,33.3187804191002
r0.40_a0.9_b1.1,0.4,0.9,1.1,S005,A,capacity_bound,25.0
r0.40_a0.9_b1.1,0.4,0.9,1.1,S005,B,capacity_bound,30.0
r0.40_a0.9_b1.1,0.4,0.9,1.1,S005,C,capacity_bound,80.0
r0.40_a0.9_b1.1,0.4,0.9,1.1,S006,A,capacity_bound,25.0
r0.40_a0.9_b1.1,0.4,0.9,1.1,S006,B,capacity_bound,30.0
r0.40_a0.9_b1.1,0.4,0.9,1.1,S006,C,capacity_bound,80.0
r0.40_a0.9_b1.1,0.4,0.9,1.1,S007,A,capacity_bound,25.0
r0.40_a0.9_b1.1,0.4,0.9,1.1,S007,B,capacity_bound,30.0
r0.40_a0.9_b1.1,0.4,0.9,1.1,S007,C,capacity_bound,80.0
r0.40_a0.9_b1.1,0.4,0.9,1.1,S008,A,unreachable_empty,
r0.40_a0.9_b1.1,0.4,0.9,1.1,S008,B,energy_bound,16.166188310152148
r0.40_a0.9_b1.1,0.4,0.9,1.1,S008,C,energy_bound,22.89418260247779
r0.40_a0.9_b1.1,0.4,0.9,1.1,S009,A,capacity_bound,25.0
r0.40_a0.9_b1.1,0.4,0.9,1.1,S009,B,capacity_bound,30.0
r0.40_a0.9_b1.1,0.4,0.9,1.1,S009,C,energy_bound,75.19062304598818
r0.40_a0.9_b1.1,0.4,0.9,1.1,S010,A,capacity_bound,25.0
r0.40_a0.9_b1.1,0.4,0.9,1.1,S010,B,capacity_bound,30.0
r0.40_a0.9_b1.1,0.4,0.9,1.1,S010,C,capacity_bound,80.0
r0.40_a0.9_b1.1,0.4,0.9,1.1,S011,A,capacity_bound,25.0
r0.40_a0.9_b1.1,0.4,0.9,1.1,S011,B,capacity_bound,30.0
r0.40_a0.9_b1.1,0.4,0.9,1.1,S011,C,capacity_bound,80.0
r0.40_a0.9_b1.1,0.4,0.9,1.1,S012,A,energy_bound,17.722063276972257
r0.40_a0.9_b1.1,0.4,0.9,1.1,S012,B,energy_bound,22.295995964359616
r0.40_a0.9_b1.1,0.4,0.9,1.1,S012,C,energy_bound,42.30997429434677
r0.40_a0.9_b1.1,0.4,0.9,1.1,S013,A,capacity_bound,25.0
r0.40_a0.9_b1.1,0.4,0.9,1.1,S013,B,capacity_bound,30.0
r0.40_a0.9_b1.1,0.4,0.9,1.1,S013,C,capacity_bound,80.0
r0.40_a0.9_b1.1,0.4,0.9,1.1,S014,A,capacity_bound,25.0
r0.40_a0.9_b1.1,0.4,0.9,1.1,S014,B,capacity_bound,30.0
r0.40_a0.9_b1.1,0.4,0.9,1.1,S014,C,energy_bound,75.2279746180404
r0.40_a0.9_b1.1,0.4,0.9,1.1,S015,A,capacity_bound,25.0
r0.40_a0.9_b1.1,0.4,0.9,1.1,S015,B,capacity_bound,30.0
r0.40_a0.9_b1.1,0.4,0.9,1.1,S015,C,energy_bound,67.44524240297291
r0.40_a1.0_b0.9,0.4,1.0,0.9,S001,A,capacity_bound,25.0
r0.40_a1.0_b0.9,0.4,1.0,0.9,S001,B,capacity_bound,30.0
r0.40_a1.0_b0.9,0.4,1.0,0.9,S001,C,capacity_bound,80.0
r0.40_a1.0_b0.9,0.4,1.0,0.9,S002,A,unreachable_empty,
r0.40_a1.0_b0.9,0.4,1.0,0.9,S002,B,energy_bound,16.02134001159891
r0.40_a1.0_b0.9,0.4,1.0,0.9,S002,C,energy_bound,19.84271143171536
r0.40_a1.0_b0.9,0.4,1.0,0.9,S003,A,unreachable_empty,
r0.40_a1.0_b0.9,0.4,1.0,0.9,S003,B,energy_bound,13.7373476492664
r0.40_a1.0_b0.9,0.4,1.0,0.9,S003,C,energy_bound,18.79166100918718
r0.40_a1.0_b0.9,0.4,1.0,0.9,S004,A,unreachable_empty,
r0.40_a1.0_b0.9,0.4,1.0,0.9,S004,B,energy_bound,9.401734000897179
r0.40_a1.0_b0.9,0.4,1.0,0.9,S004,C,unreachable_empty,
r0.40_a1.0_b0.9,0.4,1.0,0.9,S005,A,capacity_bound,25.0
r0.40_a1.0_b0.9,0.4,1.0,0.9,S005,B,capacity_bound,30.0
r0.40_a1.0_b0.9,0.4,1.0,0.9,S005,C,energy_bound,72.73579495358769
r0.40_a1.0_b0.9,0.4,1.0,0.9,S006,A,capacity_bound,25.0
r0.40_a1.0_b0.9,0.4,1.0,0.9,S006,B,capacity_bound,30.0
r0.40_a1.0_b0.9,0.4,1.0,0.9,S006,C,capacity_bound,80.0
r0.40_a1.0_b0.9,0.4,1.0,0.9,S007,A,capacity_bound,25.0
r0.40_a1.0_b0.9,0.4,1.0,0.9,S007,B,capacity_bound,30.0
r0.40_a1.0_b0.9,0.4,1.0,0.9,S007,C,capacity_bound,80.0
r0.40_a1.0_b0.9,0.4,1.0,0.9,S008,A,unreachable_empty,
r0.40_a1.0_b0.9,0.4,1.0,0.9,S008,B,energy_bound,2.58472901364461
r0.40_a1.0_b0.9,0.4,1.0,0.9,S008,C,unreachable_empty,
r0.40_a1.0_b0.9,0.4,1.0,0.9,S009,A,capacity_bound,25.0
r0.40_a1.0_b0.9,0.4,1.0,0.9,S009,B,capacity_bound,30.0
r0.40_a1.0_b0.9,0.4,1.0,0.9,S009,C,energy_bound,66.21833347430729
r0.40_a1.0_b0.9,0.4,1.0,0.9,S010,A,capacity_bound,25.0
r0.40_a1.0_b0.9,0.4,1.0,0.9,S010,B,capacity_bound,30.0
r0.40_a1.0_b0.9,0.4,1.0,0.9,S010,C,energy_bound,79.44122813480223
r0.40_a1.0_b0.9,0.4,1.0,0.9,S011,A,capacity_bound,25.0
r0.40_a1.0_b0.9,0.4,1.0,0.9,S011,B,capacity_bound,30.0
r0.40_a1.0_b0.9,0.4,1.0,0.9,S011,C,capacity_bound,80.0
r0.40_a1.0_b0.9,0.4,1.0,0.9,S012,A,unreachable_empty,
r0.40_a1.0_b0.9,0.4,1.0,0.9,S012,B,energy_bound,14.673836419786065
r0.40_a1.0_b0.9,0.4,1.0,0.9,S012,C,energy_bound,17.702488969354366
r0.40_a1.0_b0.9,0.4,1.0,0.9,S013,A,capacity_bound,25.0
r0.40_a1.0_b0.9,0.4,1.0,0.9,S013,B,capacity_bound,30.0
r0.40_a1.0_b0.9,0.4,1.0,0.9,S013,C,energy_bound,78.92814626408887
r0.40_a1.0_b0.9,0.4,1.0,0.9,S014,A,capacity_bound,25.0
r0.40_a1.0_b0.9,0.4,1.0,0.9,S014,B,capacity_bound,30.0
r0.40_a1.0_b0.9,0.4,1.0,0.9,S014,C,energy_bound,67.41256465749677
r0.40_a1.0_b0.9,0.4,1.0,0.9,S015,A,capacity_bound,25.0
r0.40_a1.0_b0.9,0.4,1.0,0.9,S015,B,energy_bound,27.58415328307783
r0.40_a1.0_b0.9,0.4,1.0,0.9,S015,C,energy_bound,57.031554422175404
r0.40_a1.0_b1.0,0.4,1.0,1.0,S001,A,capacity_bound,25.0
r0.40_a1.0_b1.0,0.4,1.0,1.0,S001,B,capacity_bound,30.0
r0.40_a1.0_b1.0,0.4,1.0,1.0,S001,C,capacity_bound,80.0
r0.40_a1.0_b1.0,0.4,1.0,1.0,S002,A,unreachable_empty,
r0.40_a1.0_b1.0,0.4,1.0,1.0,S002,B,energy_bound,15.702504705642612
r0.40_a1.0_b1.0,0.4,1.0,1.0,S002,C,energy_bound,19.220496109482053
r0.40_a1.0_b1.0,0.4,1.0,1.0,S003,A,unreachable_empty,
r0.40_a1.0_b1.0,0.4,1.0,1.0,S003,B,energy_bound,12.861751679396919
r0.40_a1.0_b1.0,0.4,1.0,1.0,S003,C,energy_bound,17.298080862606334
r0.40_a1.0_b1.0,0.4,1.0,1.0,S004,A,unreachable_empty,
r0.40_a1.0_b1.0,0.4,1.0,1.0,S004,B,energy_bound,8.665921127486694
r0.40_a1.0_b1.0,0.4,1.0,1.0,S004,C,unreachable_empty,
r0.40_a1.0_b1.0,0.4,1.0,1.0,S005,A,capacity_bound,25.0
r0.40_a1.0_b1.0,0.4,1.0,1.0,S005,B,capacity_bound,30.0
r0.40_a1.0_b1.0,0.4,1.0,1.0,S005,C,energy_bound,72.47974304901348
r0.40_a1.0_b1.0,0.4,1.0,1.0,S006,A,capacity_bound,25.0
r0.40_a1.0_b1.0,0.4,1.0,1.0,S006,B,capacity_bound,30.0
r0.40_a1.0_b1.0,0.4,1.0,1.0,S006,C,capacity_bound,80.0
r0.40_a1.0_b1.0,0.4,1.0,1.0,S007,A,capacity_bound,25.0
r0.40_a1.0_b1.0,0.4,1.0,1.0,S007,B,capacity_bound,30.0
r0.40_a1.0_b1.0,0.4,1.0,1.0,S007,C,capacity_bound,80.0
r0.40_a1.0_b1.0,0.4,1.0,1.0,S008,A,unreachable_empty,
r0.40_a1.0_b1.0,0.4,1.0,1.0,S008,B,energy_bound,1.3930085733693658
r0.40_a1.0_b1.0,0.4,1.0,1.0,S008,C,unreachable_empty,
r0.40_a1.0_b1.0,0.4,1.0,1.0,S009,A,capacity_bound,25.0
r0.40_a1.0_b1.0,0.4,1.0,1.0,S009,B,capacity_bound,30.0
r0.40_a1.0_b1.0,0.4,1.0,1.0,S009,C,energy_bound,65.99685307312858
r0.40_a1.0_b1.0,0.4,1.0,1.0,S010,A,capacity_bound,25.0
r0.40_a1.0_b1.0,0.4,1.0,1.0,S010,B,capacity_bound,30.0
r0.40_a1.0_b1.0,0.4,1.0,1.0,S010,C,energy_bound,79.15490352964466
r0.40_a1.0_b1.0,0.4,1.0,1.0,S011,A,capacity_bound,25.0
r0.40_a1.0_b1.0,0.4,1.0,1.0,S011,B,capacity_bound,30.0
r0.40_a1.0_b1.0,0.4,1.0,1.0,S011,C,capacity_bound,80.0
r0.40_a1.0_b1.0,0.4,1.0,1.0,S012,A,unreachable_empty,
r0.40_a1.0_b1.0,0.4,1.0,1.0,S012,B,energy_bound,14.143039936362637
r0.40_a1.0_b1.0,0.4,1.0,1.0,S012,C,energy_bound,16.700025180734283
r0.40_a1.0_b1.0,0.4,1.0,1.0,S013,A,capacity_bound,25.0
r0.40_a1.0_b1.0,0.4,1.0,1.0,S013,B,capacity_bound,30.0
r0.40_a1.0_b1.0,0.4,1.0,1.0,S013,C,energy_bound,78.68371898952492
r0.40_a1.0_b1.0,0.4,1.0,1.0,S014,A,capacity_bound,25.0
r0.40_a1.0_b1.0,0.4,1.0,1.0,S014,B,capacity_bound,30.0
r0.40_a1.0_b1.0,0.4,1.0,1.0,S014,C,energy_bound,66.75770622458163
r0.40_a1.0_b1.0,0.4,1.0,1.0,S015,A,capacity_bound,25.0
r0.40_a1.0_b1.0,0.4,1.0,1.0,S015,B,energy_bound,27.1982394014683
r0.40_a1.0_b1.0,0.4,1.0,1.0,S015,C,energy_bound,56.36366052397654
r0.40_a1.0_b1.1,0.4,1.0,1.1,S001,A,capacity_bound,25.0
r0.40_a1.0_b1.1,0.4,1.0,1.1,S001,B,capacity_bound,30.0
r0.40_a1.0_b1.1,0.4,1.0,1.1,S001,C,capacity_bound,80.0
r0.40_a1.0_b1.1,0.4,1.0,1.1,S002,A,unreachable_empty,
r0.40_a1.0_b1.1,0.4,1.0,1.1,S002,B,energy_bound,15.378592202144295
r0.40_a1.0_b1.1,0.4,1.0,1.1,S002,C,energy_bound,18.59101327693271
r0.40_a1.0_b1.1,0.4,1.0,1.1,S003,A,unreachable_empty,
r0.40_a1.0_b1.1,0.4,1.0,1.1,S003,B,energy_bound,11.948449232558078
r0.40_a1.0_b1.1,0.4,1.0,1.1,S003,C,energy_bound,15.763590263665455
r0.40_a1.0_b1.1,0.4,1.0,1.1,S004,A,unreachable_empty,
r0.40_a1.0_b1.1,0.4,1.0,1.1,S004,B,energy_bound,7.896365438894378
r0.40_a1.0_b1.1,0.4,1.0,1.1,S004,C,unreachable_empty,
r0.40_a1.0_b1.1,0.4,1.0,1.1,S005,A,capacity_bound,25.0
r0.40_a1.0_b1.1,0.4,1.0,1.1,S005,B,capacity_bound,30.0
r0.40_a1.0_b1.1,0.4,1.0,1.1,S005,C,energy_bound,72.22160298297923
r0.40_a1.0_b1.1,0.4,1.0,1.1,S006,A,capacity_bound,25.0
r0.40_a1.0_b1.1,0.4,1.0,1.1,S006,B,capacity_bound,30.0
r0.40_a1.0_b1.1,0.4,1.0,1.1,S006,C,capacity_bound,80.0
r0.40_a1.0_b1.1,0.4,1.0,1.1,S007,A,capacity_bound,25.0
r0.40_a1.0_b1.1,0.4,1.0,1.1,S007,B,capacity_bound,30.0
r0.40_a1.0_b1.1,0.4,1.0,1.1,S007,C,capacity_bound,80.0
r0.40_a1.0_b1.1,0.4,1.0,1.1,S008,A,unreachable_empty,
r0.40_a1.0_b1.1,0.4,1.0,1.1,S008,B,unreachable_empty,
r0.40_a1.0_b1.1,0.4,1.0,1.1,S008,C,unreachable_empty,
r0.40_a1.0_b1.1,0.4,1.0,1.1,S009,A,capacity_bound,25.0
r0.40_a1.0_b1.1,0.4,1.0,1.1,S009,B,capacity_bound,30.0
r0.40_a1.0_b1.1,0.4,1.0,1.1,S009,C,energy_bound,65.77411487004473
r0.40_a1.0_b1.1,0.4,1.0,1.1,S010,A,capacity_bound,25.0
r0.40_a1.0_b1.1,0.4,1.0,1.1,S010,B,capacity_bound,30.0
r0.40_a1.0_b1.1,0.4,1.0,1.1,S010,C,energy_bound,78.8655707560105
r0.40_a1.0_b1.1,0.4,1.0,1.1,S011,A,capacity_bound,25.0
r0.40_a1.0_b1.1,0.4,1.0,1.1,S011,B,capacity_bound,30.0
r0.40_a1.0_b1.1,0.4,1.0,1.1,S011,C,capacity_bound,80.0
r0.40_a1.0_b1.1,0.4,1.0,1.1,S012,A,unreachable_empty,
r0.40_a1.0_b1.1,0.4,1.0,1.1,S012,B,energy_bound,13.598409134208975
r0.40_a1.0_b1.1,0.4,1.0,1.1,S012,C,energy_bound,15.677524793461304
r0.40_a1.0_b1.1,0.4,1.0,1.1,S013,A,capacity_bound,25.0
r0.40_a1.0_b1.1,0.4,1.0,1.1,S013,B,capacity_bound,30.0
r0.40_a1.0_b1.1,0.4,1.0,1.1,S013,C,energy_bound,78.43716100722764
r0.40_a1.0_b1.1,0.4,1.0,1.1,S014,A,capacity_bound,25.0
r0.40_a1.0_b1.1,0.4,1.0,1.1,S014,B,capacity_bound,30.0
r0.40_a1.0_b1.1,0.4,1.0,1.1,S014,C,energy_bound,66.09162423034894
r0.40_a1.0_b1.1,0.4,1.0,1.1,S015,A,capacity_bound,25.0
r0.40_a1.0_b1.1,0.4,1.0,1.1,S015,B,energy_bound,26.802973605604787
r0.40_a1.0_b1.1,0.4,1.0,1.1,S015,C,energy_bound,55.68763485770078
r0.40_a1.1_b0.9,0.4,1.1,0.9,S001,A,capacity_bound,25.0
r0.40_a1.1_b0.9,0.4,1.1,0.9,S001,B,capacity_bound,30.0
r0.40_a1.1_b0.9,0.4,1.1,0.9,S001,C,capacity_bound,80.0
r0.40_a1.1_b0.9,0.4,1.1,0.9,S002,A,unreachable_empty,
r0.40_a1.1_b0.9,0.4,1.1,0.9,S002,B,energy_bound,2.124611440243747
r0.40_a1.1_b0.9,0.4,1.1,0.9,S002,C,unreachable_empty,
r0.40_a1.1_b0.9,0.4,1.1,0.9,S003,A,unreachable_empty,
r0.40_a1.1_b0.9,0.4,1.1,0.9,S003,B,unreachable_empty,
r0.40_a1.1_b0.9,0.4,1.1,0.9,S003,C,unreachable_empty,
r0.40_a1.1_b0.9,0.4,1.1,0.9,S004,A,unreachable_empty,
r0.40_a1.1_b0.9,0.4,1.1,0.9,S004,B,unreachable_empty,
r0.40_a1.1_b0.9,0.4,1.1,0.9,S004,C,unreachable_empty,
r0.40_a1.1_b0.9,0.4,1.1,0.9,S005,A,capacity_bound,25.0
r0.40_a1.1_b0.9,0.4,1.1,0.9,S005,B,capacity_bound,30.0
r0.40_a1.1_b0.9,0.4,1.1,0.9,S005,C,energy_bound,63.61092382223151
r0.40_a1.1_b0.9,0.4,1.1,0.9,S006,A,capacity_bound,25.0
r0.40_a1.1_b0.9,0.4,1.1,0.9,S006,B,capacity_bound,30.0
r0.40_a1.1_b0.9,0.4,1.1,0.9,S006,C,capacity_bound,80.0
r0.40_a1.1_b0.9,0.4,1.1,0.9,S007,A,capacity_bound,25.0
r0.40_a1.1_b0.9,0.4,1.1,0.9,S007,B,capacity_bound,30.0
r0.40_a1.1_b0.9,0.4,1.1,0.9,S007,C,energy_bound,75.58016138647496
r0.40_a1.1_b0.9,0.4,1.1,0.9,S008,A,unreachable_empty,
r0.40_a1.1_b0.9,0.4,1.1,0.9,S008,B,unreachable_empty,
r0.40_a1.1_b0.9,0.4,1.1,0.9,S008,C,unreachable_empty,
r0.40_a1.1_b0.9,0.4,1.1,0.9,S009,A,capacity_bound,25.0
r0.40_a1.1_b0.9,0.4,1.1,0.9,S009,B,energy_bound,27.505904518249018
r0.40_a1.1_b0.9,0.4,1.1,0.9,S009,C,energy_bound,54.922862413565475
r0.40_a1.1_b0.9,0.4,1.1,0.9,S010,A,capacity_bound,25.0
r0.40_a1.1_b0.9,0.4,1.1,0.9,S010,B,capacity_bound,30.0
r0.40_a1.1_b0.9,0.4,1.1,0.9,S010,C,energy_bound,72.26392994315677
r0.40_a1.1_b0.9,0.4,1.1,0.9,S011,A,capacity_bound,25.0
r0.40_a1.1_b0.9,0.4,1.1,0.9,S011,B,capacity_bound,30.0
r0.40_a1.1_b0.9,0.4,1.1,0.9,S011,C,capacity_bound,80.0
r0.40_a1.1_b0.9,0.4,1.1,0.9,S012,A,unreachable_empty,
r0.40_a1.1_b0.9,0.4,1.1,0.9,S012,B,unreachable_empty,
r0.40_a1.1_b0.9,0.4,1.1,0.9,S012,C,unreachable_empty,
r0.40_a1.1_b0.9,0.4,1.1,0.9,S013,A,capacity_bound,25.0
r0.40_a1.1_b0.9,0.4,1.1,0.9,S013,B,capacity_bound,30.0
r0.40_a1.1_b0.9,0.4,1.1,0.9,S013,C,energy_bound,71.59916495401048
r0.40_a1.1_b0.9,0.4,1.1,0.9,S014,A,capacity_bound,25.0
r0.40_a1.1_b0.9,0.4,1.1,0.9,S014,B,energy_bound,27.142525977911017
r0.40_a1.1_b0.9,0.4,1.1,0.9,S014,C,energy_bound,56.854156996467665
r0.40_a1.1_b0.9,0.4,1.1,0.9,S015,A,energy_bound,17.901388209704642
r0.40_a1.1_b0.9,0.4,1.1,0.9,S015,B,energy_bound,22.303256584303476
r0.40_a1.1_b0.9,0.4,1.1,0.9,S015,C,energy_bound,42.62027111976853
r0.40_a1.1_b1.0,0.4,1.1,1.0,S001,A,capacity_bound,25.0
r0.40_a1.1_b1.0,0.4,1.1,1.0,S001,B,capacity_bound,30.0
r0.40_a1.1_b1.0,0.4,1.1,1.0,S001,C,capacity_bound,80.0
r0.40_a1.1_b1.0,0.4,1.1,1.0,S002,A,unreachable_empty,
r0.40_a1.1_b1.0,0.4,1.1,1.0,S002,B,energy_bound,1.0754984856462724
r0.40_a1.1_b1.0,0.4,1.1,1.0,S002,C,unreachable_empty,
r0.40_a1.1_b1.0,0.4,1.1,1.0,S003,A,unreachable_empty,
r0.40_a1.1_b1.0,0.4,1.1,1.0,S003,B,unreachable_empty,
r0.40_a1.1_b1.0,0.4,1.1,1.0,S003,C,unreachable_empty,
r0.40_a1.1_b1.0,0.4,1.1,1.0,S004,A,unreachable_empty,
r0.40_a1.1_b1.0,0.4,1.1,1.0,S004,B,unreachable_empty,
r0.40_a1.1_b1.0,0.4,1.1,1.0,S004,C,unreachable_empty,
r0.40_a1.1_b1.0,0.4,1.1,1.0,S005,A,capacity_bound,25.0
r0.40_a1.1_b1.0,0.4,1.1,1.0,S005,B,capacity_bound,30.0
r0.40_a1.1_b1.0,0.4,1.1,1.0,S005,C,energy_bound,63.293668630294995
r0.40_a1.1_b1.0,0.4,1.1,1.0,S006,A,capacity_bound,25.0
r0.40_a1.1_b1.0,0.4,1.1,1.0,S006,B,capacity_bound,30.0
r0.40_a1.1_b1.0,0.4,1.1,1.0,S006,C,capacity_bound,80.0
r0.40_a1.1_b1.0,0.4,1.1,1.0,S007,A,capacity_bound,25.0
r0.40_a1.1_b1.0,0.4,1.1,1.0,S007,B,capacity_bound,30.0
r0.40_a1.1_b1.0,0.4,1.1,1.0,S007,C,energy_bound,75.15417282273414
r0.40_a1.1_b1.0,0.4,1.1,1.0,S008,A,unreachable_empty,
r0.40_a1.1_b1.0,0.4,1.1,1.0,S008,B,unreachable_empty,
r0.40_a1.1_b1.0,0.4,1.1,1.0,S008,C,unreachable_empty,
r0.40_a1.1_b1.0,0.4,1.1,1.0,S009,A,capacity_bound,25.0
r0.40_a1.1_b1.0,0.4,1.1,1.0,S009,B,energy_bound,27.35148643295433
r0.40_a1.1_b1.0,0.4,1.1,1.0,S009,C,energy_bound,54.64398995909497
r0.40_a1.1_b1.0,0.4,1.1,1.0,S010,A,capacity_bound,25.0
r0.40_a1.1_b1.0,0.4,1.1,1.0,S010,B,capacity_bound,30.0
r0.40_a1.1_b1.0,0.4,1.1,1.0,S010,C,energy_bound,71.91921273010024
r0.40_a1.1_b1.0,0.4,1.1,1.0,S011,A,capacity_bound,25.0
r0.40_a1.1_b1.0,0.4,1.1,1.0,S011,B,capacity_bound,30.0
r0.40_a1.1_b1.0,0.4,1.1,1.0,S011,C,capacity_bound,80.0
r0.40_a1.1_b1.0,0.4,1.1,1.0,S012,A,unreachable_empty,
r0.40_a1.1_b1.0,0.4,1.1,1.0,S012,B,unreachable_empty,
r0.40_a1.1_b1.0,0.4,1.1,1.0,S012,C,unreachable_empty,
r0.40_a1.1_b1.0,0.4,1.1,1.0,S013,A,capacity_bound,25.0
r0.40_a1.1_b1.0,0.4,1.1,1.0,S013,B,capacity_bound,30.0
r0.40_a1.1_b1.0,0.4,1.1,1.0,S013,C,energy_bound,71.30479422461828
r0.40_a1.1_b1.0,0.4,1.1,1.0,S014,A,capacity_bound,25.0
r0.40_a1.1_b1.0,0.4,1.1,1.0,S014,B,energy_bound,26.644908277713167
r0.40_a1.1_b1.0,0.4,1.1,1.0,S014,C,energy_bound,56.0430748905838
r0.40_a1.1_b1.0,0.4,1.1,1.0,S015,A,energy_bound,16.875912881996037
r0.40_a1.1_b1.0,0.4,1.1,1.0,S015,B,energy_bound,21.804982175070148
r0.40_a1.1_b1.0,0.4,1.1,1.0,S015,C,energy_bound,41.77282498074071
r0.40_a1.1_b1.1,0.4,1.1,1.1,S001,A,capacity_bound,25.0
r0.40_a1.1_b1.1,0.4,1.1,1.1,S001,B,capacity_bound,30.0
r0.40_a1.1_b1.1,0.4,1.1,1.1,S001,C,capacity_bound,80.0
r0.40_a1.1_b1.1,0.4,1.1,1.1,S002,A,unreachable_empty,
r0.40_a1.1_b1.1,0.4,1.1,1.1,S002,B,unreachable_empty,
r0.40_a1.1_b1.1,0.4,1.1,1.1,S002,C,unreachable_empty,
r0.40_a1.1_b1.1,0.4,1.1,1.1,S003,A,unreachable_empty,
r0.40_a1.1_b1.1,0.4,1.1,1.1,S003,B,unreachable_empty,
r0.40_a1.1_b1.1,0.4,1.1,1.1,S003,C,unreachable_empty,
r0.40_a1.1_b1.1,0.4,1.1,1.1,S004,A,unreachable_empty,
r0.40_a1.1_b1.1,0.4,1.1,1.1,S004,B,unreachable_empty,
r0.40_a1.1_b1.1,0.4,1.1,1.1,S004,C,unreachable_empty,
r0.40_a1.1_b1.1,0.4,1.1,1.1,S005,A,capacity_bound,25.0
r0.40_a1.1_b1.1,0.4,1.1,1.1,S005,B,capacity_bound,30.0
r0.40_a1.1_b1.1,0.4,1.1,1.1,S005,C,energy_bound,62.97387524218766
r0.40_a1.1_b1.1,0.4,1.1,1.1,S006,A,capacity_bound,25.0
r0.40_a1.1_b1.1,0.4,1.1,1.1,S006,B,capacity_bound,30.0
r0.40_a1.1_b1.1,0.4,1.1,1.1,S006,C,capacity_bound,80.0
r0.40_a1.1_b1.1,0.4,1.1,1.1,S007,A,capacity_bound,25.0
r0.40_a1.1_b1.1,0.4,1.1,1.1,S007,B,capacity_bound,30.0
r0.40_a1.1_b1.1,0.4,1.1,1.1,S007,C,energy_bound,74.72220365065486
r0.40_a1.1_b1.1,0.4,1.1,1.1,S008,A,unreachable_empty,
r0.40_a1.1_b1.1,0.4,1.1,1.1,S008,B,unreachable_empty,
r0.40_a1.1_b1.1,0.4,1.1,1.1,S008,C,unreachable_empty,
r0.40_a1.1_b1.1,0.4,1.1,1.1,S009,A,capacity_bound,25.0
r0.40_a1.1_b1.1,0.4,1.1,1.1,S009,B,energy_bound,27.19549344326264
r0.40_a1.1_b1.1,0.4,1.1,1.1,S009,C,energy_bound,54.363609176800374
r0.40_a1.1_b1.1,0.4,1.1,1.1,S010,A,capacity_bound,25.0
r0.40_a1.1_b1.1,0.4,1.1,1.1,S010,B,capacity_bound,30.0
r0.40_a1.1_b1.1,0.4,1.1,1.1,S010,C,energy_bound,71.571015044189
r0.40_a1.1_b1.1,0.4,1.1,1.1,S011,A,capacity_bound,25.0
r0.40_a1.1_b1.1,0.4,1.1,1.1,S011,B,capacity_bound,30.0
r0.40_a1.1_b1.1,0.4,1.1,1.1,S011,C,capacity_bound,80.0
r0.40_a1.1_b1.1,0.4,1.1,1.1,S012,A,unreachable_empty,
r0.40_a1.1_b1.1,0.4,1.1,1.1,S012,B,unreachable_empty,
r0.40_a1.1_b1.1,0.4,1.1,1.1,S012,C,unreachable_empty,
r0.40_a1.1_b1.1,0.4,1.1,1.1,S013,A,capacity_bound,25.0
r0.40_a1.1_b1.1,0.4,1.1,1.1,S013,B,capacity_bound,30.0
r0.40_a1.1_b1.1,0.4,1.1,1.1,S013,C,energy_bound,71.00797459951906
r0.40_a1.1_b1.1,0.4,1.1,1.1,S014,A,capacity_bound,25.0
r0.40_a1.1_b1.1,0.4,1.1,1.1,S014,B,energy_bound,26.131317763615733
r0.40_a1.1_b1.1,0.4,1.1,1.1,S014,C,energy_bound,55.21889335194764
r0.40_a1.1_b1.1,0.4,1.1,1.1,S015,A,energy_bound,15.821255340519514
r0.40_a1.1_b1.1,0.4,1.1,1.1,S015,B,energy_bound,21.294170583460833
r0.40_a1.1_b1.1,0.4,1.1,1.1,S015,C,energy_bound,40.91630609039579
