"Sortie ID","Route ID","Model ID","Drone ID","Battery ID","Preparation Start (s)","Takeoff (s)","Return to O01 (s)","Battery Occupancy Duration (s)","Battery Ready (s)","Cargo Box ID","Delivery Completion (s)"
"Q2-001","Q2-1339904b693ccbf6","A","U02","A-BAT-02","0","330","1552.1111816650086","2583.847312401337","2583.847312401337","S013-MED-01","1023.5889241658377"
"Q2-002","Q2-20034c670aabcd6d","A","U03","A-BAT-03","0","330","1552.1111816650086","2608.06610875125","2608.06610875125","S013-WAT-01","1023.5889241658377"
"Q2-003","Q2-42b69e95aaf6dfb5","A","U04","A-BAT-04","0","360","1383.7183510917214","2229.338242930773","2229.338242930773","S011-FOD-01","863.2001261684193"
"Q2-003","Q2-42b69e95aaf6dfb5","A","U04","A-BAT-04","0","360","1383.7183510917214","2229.338242930773","2229.338242930773","S011-WAT-01","1054.8915582566356"
"Q2-004","Q2-6304978344c22313","C","U08","C-BAT-02","0","540","1626.1703918789085","3249.6847269959785","3249.6847269959785","S001-MED-01","1062.2701959394544"
"Q2-004","Q2-6304978344c22313","C","U08","C-BAT-02","0","540","1626.1703918789085","3249.6847269959785","3249.6847269959785","S001-MED-02","1098.2701959394544"
"Q2-004","Q2-6304978344c22313","C","U08","C-BAT-02","0","540","1626.1703918789085","3249.6847269959785","3249.6847269959785","S001-WAT-01","1134.2701959394544"
"Q2-004","Q2-6304978344c22313","C","U08","C-BAT-02","0","540","1626.1703918789085","3249.6847269959785","3249.6847269959785","S001-WAT-02","1170.2701959394544"
"Q2-004","Q2-6304978344c22313","C","U08","C-BAT-02","0","540","1626.1703918789085","3249.6847269959785","3249.6847269959785","S001-WAT-06","1206.2701959394544"
"Q2-004","Q2-6304978344c22313","C","U08","C-BAT-02","0","540","1626.1703918789085","3249.6847269959785","3249.6847269959785","S001-WAT-07","1242.2701959394544"
"Q2-004","Q2-6304978344c22313","C","U08","C-BAT-02","0","540","1626.1703918789085","3249.6847269959785","3249.6847269959785","S001-FOD-03","1278.2701959394544"
"Q2-004","Q2-6304978344c22313","C","U08","C-BAT-02","0","540","1626.1703918789085","3249.6847269959785","3249.6847269959785","S001-HYG-02","1314.2701959394544"
"Q2-005","Q2-8e93c6294691a0b8","B","U06","B-BAT-02","0","390","1869.7521946190163","3463.9156684860036","3463.9156684860036","S014-MED-01","1182.432763976175"
"Q2-005","Q2-8e93c6294691a0b8","B","U06","B-BAT-02","0","390","1869.7521946190163","3463.9156684860036","3463.9156684860036","S014-WAT-01","1212.432763976175"
"Q2-005","Q2-8e93c6294691a0b8","B","U06","B-BAT-02","0","390","1869.7521946190163","3463.9156684860036","3463.9156684860036","S014-FOD-01","1242.432763976175"
"Q2-006","Q2-cac443ad6281a25a","C","U07","C-BAT-01","0","450","1907.5754478361764","3664.705565525088","3664.705565525088","S007-MED-01","1203.7477239180882"
"Q2-006","Q2-cac443ad6281a25a","C","U07","C-BAT-01","0","450","1907.5754478361764","3664.705565525088","3664.705565525088","S007-WAT-01","1239.7477239180882"
"Q2-006","Q2-cac443ad6281a25a","C","U07","C-BAT-01","0","450","1907.5754478361764","3664.705565525088","3664.705565525088","S007-WAT-02","1275.7477239180882"
"Q2-006","Q2-cac443ad6281a25a","C","U07","C-BAT-01","0","450","1907.5754478361764","3664.705565525088","3664.705565525088","S007-FOD-01","1311.7477239180882"
"Q2-006","Q2-cac443ad6281a25a","C","U07","C-BAT-01","0","450","1907.5754478361764","3664.705565525088","3664.705565525088","S007-HYG-01","1347.7477239180882"
"Q2-007","Q2-f5aa913e51fa231b","A","U01","A-BAT-01","0","360","2351.745245775131","3766.292268218373","3766.292268218373","S011-MED-01","863.2001261684193"
"Q2-007","Q2-f5aa913e51fa231b","A","U01","A-BAT-01","0","360","2351.745245775131","3766.292268218373","3766.292268218373","S002-WAT-01","1631.8164836681747"
"Q2-008","Q2-f7b4efd57b02977e","B","U05","B-BAT-01","0","390","1922.7345559700407","3782.107403132738","3782.107403132738","S012-MED-01","1211.2972779850202"
"Q2-008","Q2-f7b4efd57b02977e","B","U05","B-BAT-01","0","390","1922.7345559700407","3782.107403132738","3782.107403132738","S012-WAT-01","1241.2972779850202"
"Q2-008","Q2-f7b4efd57b02977e","B","U05","B-BAT-01","0","390","1922.7345559700407","3782.107403132738","3782.107403132738","S012-FOD-01","1271.2972779850202"
"Q2-009","Q2-361f0f1a17ff5922","A","U04","A-BAT-05","1383.7183510917214","1713.7183510917214","3327.4558753056344","3273.2622536805775","4656.980604772299","S002-WAT-03","2607.527113198678"
"Q2-010","Q2-d8ec8e9e2c46850f","A","U02","A-BAT-06","1552.1111816650086","1882.1111816650086","3495.8487058789215","3273.2622536805775","4825.373435345586","S002-WAT-02","2775.9199437719653"
"Q2-011","Q2-202bd3640df64ba5","C","U08","C-BAT-03","1626.1703918789085","2106.1703918789085","3187.729917819255","3098.523475265992","4724.693867144901","S006-MED-01","2655.595154849082"
"Q2-011","Q2-202bd3640df64ba5","C","U08","C-BAT-03","1626.1703918789085","2106.1703918789085","3187.729917819255","3098.523475265992","4724.693867144901","S006-WAT-01","2691.595154849082"
"Q2-011","Q2-202bd3640df64ba5","C","U08","C-BAT-03","1626.1703918789085","2106.1703918789085","3187.729917819255","3098.523475265992","4724.693867144901","S006-WAT-02","2727.595154849082"
"Q2-011","Q2-202bd3640df64ba5","C","U08","C-BAT-03","1626.1703918789085","2106.1703918789085","3187.729917819255","3098.523475265992","4724.693867144901","S006-WAT-03","2763.595154849082"
"Q2-011","Q2-202bd3640df64ba5","C","U08","C-BAT-03","1626.1703918789085","2106.1703918789085","3187.729917819255","3098.523475265992","4724.693867144901","S006-FOD-01","2799.595154849082"
"Q2-011","Q2-202bd3640df64ba5","C","U08","C-BAT-03","1626.1703918789085","2106.1703918789085","3187.729917819255","3098.523475265992","4724.693867144901","S006-HYG-01","2835.595154849082"
"Q2-012","Q2-359cc2d3ad5b1e2f","B","U06","B-BAT-03","1869.7521946190163","2259.7521946190163","3686.446128540928","3659.176502883819","5528.928697502835","S002-MED-01","3030.039161579972"
"Q2-012","Q2-359cc2d3ad5b1e2f","B","U06","B-BAT-03","1869.7521946190163","2259.7521946190163","3686.446128540928","3659.176502883819","5528.928697502835","S002-WAT-04","3060.039161579972"
"Q2-012","Q2-359cc2d3ad5b1e2f","B","U06","B-BAT-03","1869.7521946190163","2259.7521946190163","3686.446128540928","3659.176502883819","5528.928697502835","S002-FOD-02","3090.039161579972"
"Q2-013","Q2-118927574a53aac6","C","U07","C-BAT-04","1907.5754478361764","2387.5754478361764","4208.636514429402","4800.820370848783","6708.3958186849595","S004-MED-01","3311.0759811327894"
"Q2-013","Q2-118927574a53aac6","C","U07","C-BAT-04","1907.5754478361764","2387.5754478361764","4208.636514429402","4800.820370848783","6708.3958186849595","S004-WAT-01","3347.0759811327894"
"Q2-013","Q2-118927574a53aac6","C","U07","C-BAT-04","1907.5754478361764","2387.5754478361764","4208.636514429402","4800.820370848783","6708.3958186849595","S004-WAT-02","3383.0759811327894"
"Q2-013","Q2-118927574a53aac6","C","U07","C-BAT-04","1907.5754478361764","2387.5754478361764","4208.636514429402","4800.820370848783","6708.3958186849595","S004-WAT-03","3419.0759811327894"
"Q2-013","Q2-118927574a53aac6","C","U07","C-BAT-04","1907.5754478361764","2387.5754478361764","4208.636514429402","4800.820370848783","6708.3958186849595","S004-FOD-01","3455.0759811327894"
"Q2-013","Q2-118927574a53aac6","C","U07","C-BAT-04","1907.5754478361764","2387.5754478361764","4208.636514429402","4800.820370848783","6708.3958186849595","S004-HYG-01","3491.0759811327894"
"Q2-014","Q2-431e5622672c0626","B","U05","B-BAT-04","1922.7345559700407","2312.7345559700407","3478.1114584163797","3012.0919669689056","4934.826522938946","S010-MED-01","2947.9596738598766"
"Q2-014","Q2-431e5622672c0626","B","U05","B-BAT-04","1922.7345559700407","2312.7345559700407","3478.1114584163797","3012.0919669689056","4934.826522938946","S010-WAT-01","2977.9596738598766"
"Q2-014","Q2-431e5622672c0626","B","U05","B-BAT-04","1922.7345559700407","2312.7345559700407","3478.1114584163797","3012.0919669689056","4934.826522938946","S010-FOD-01","3007.9596738598766"
"Q2-015","Q2-1e0c27512248f540","A","U03","A-BAT-04","2229.338242930773","2559.338242930773","4173.075767144686","3251.2943971809755","5480.6326401117485","S002-FOD-01","3453.1470050377293"
"Q2-016","Q2-d0071ac50728bd9e","A","U01","A-BAT-02","2583.847312401337","2913.847312401337","4527.5848366152495","3245.702070723064","5829.549383124401","S002-HYG-01","3807.6560745082934"
"Q2-017","Q2-9f72d839d185daa3","C","U08","C-BAT-02","3249.6847269959785","3699.6847269959785","5619.795871333059","4764.8196383681025","8014.5043653640805","S003-WAT-01","4685.200299164519"
"Q2-017","Q2-9f72d839d185daa3","C","U08","C-BAT-02","3249.6847269959785","3699.6847269959785","5619.795871333059","4764.8196383681025","8014.5043653640805","S003-WAT-03","4721.200299164519"
"Q2-017","Q2-9f72d839d185daa3","C","U08","C-BAT-02","3249.6847269959785","3699.6847269959785","5619.795871333059","4764.8196383681025","8014.5043653640805","S003-WAT-04","4757.200299164519"
"Q2-017","Q2-9f72d839d185daa3","C","U08","C-BAT-02","3249.6847269959785","3699.6847269959785","5619.795871333059","4764.8196383681025","8014.5043653640805","S003-FOD-02","4793.200299164519"
"Q2-017","Q2-9f72d839d185daa3","C","U08","C-BAT-02","3249.6847269959785","3699.6847269959785","5619.795871333059","4764.8196383681025","8014.5043653640805","S003-HYG-01","4829.200299164519"
"Q2-018","Q2-28d7983964ced853","B","U05","B-BAT-02","3478.1114584163797","3868.1114584163797","5558.654556692262","3951.863494279809","7429.974952696189","S003-MED-01","4766.356340887654"
"Q2-018","Q2-28d7983964ced853","B","U05","B-BAT-02","3478.1114584163797","3868.1114584163797","5558.654556692262","3951.863494279809","7429.974952696189","S003-WAT-02","4796.356340887654"
"Q2-018","Q2-28d7983964ced853","B","U05","B-BAT-02","3478.1114584163797","3868.1114584163797","5558.654556692262","3951.863494279809","7429.974952696189","S003-FOD-01","4826.356340887654"
"Q2-019","Q2-5f2d89f9ab0232b5","B","U06","B-BAT-01","3782.107403132738","4172.107403132738","5610.395987153188","3494.8652509108974","7276.972654043635","S015-MED-01","4939.691695142963"
"Q2-019","Q2-5f2d89f9ab0232b5","B","U06","B-BAT-01","3782.107403132738","4172.107403132738","5610.395987153188","3494.8652509108974","7276.972654043635","S015-WAT-01","4969.691695142963"
"Q2-019","Q2-5f2d89f9ab0232b5","B","U06","B-BAT-01","3782.107403132738","4172.107403132738","5610.395987153188","3494.8652509108974","7276.972654043635","S015-FOD-01","4999.691695142963"
"Q2-020","Q2-c29f4c36e61f7845","C","U07","C-BAT-01","4208.636514429402","4658.636514429402","6408.348599021577","4613.647509697968","8822.28402412737","S008-MED-01","5562.33255672549"
"Q2-020","Q2-c29f4c36e61f7845","C","U07","C-BAT-01","4208.636514429402","4658.636514429402","6408.348599021577","4613.647509697968","8822.28402412737","S008-WAT-01","5598.33255672549"
"Q2-020","Q2-c29f4c36e61f7845","C","U07","C-BAT-01","4208.636514429402","4658.636514429402","6408.348599021577","4613.647509697968","8822.28402412737","S008-WAT-02","5634.33255672549"
"Q2-020","Q2-c29f4c36e61f7845","C","U07","C-BAT-01","4208.636514429402","4658.636514429402","6408.348599021577","4613.647509697968","8822.28402412737","S008-FOD-01","5670.33255672549"
"Q2-020","Q2-c29f4c36e61f7845","C","U07","C-BAT-01","4208.636514429402","4658.636514429402","6408.348599021577","4613.647509697968","8822.28402412737","S008-HYG-01","5706.33255672549"
"Q2-021","Q2-4d88573adf4a2d76","B","U05","B-BAT-03","5558.654556692262","5948.654556692262","7117.096804086668","3133.47745872389","8692.132015416151","S009-MED-01","6589.465680389465"
"Q2-021","Q2-4d88573adf4a2d76","B","U05","B-BAT-03","5558.654556692262","5948.654556692262","7117.096804086668","3133.47745872389","8692.132015416151","S009-WAT-01","6619.465680389465"
"Q2-021","Q2-4d88573adf4a2d76","B","U05","B-BAT-03","5558.654556692262","5948.654556692262","7117.096804086668","3133.47745872389","8692.132015416151","S009-FOD-01","6649.465680389465"
"Q2-022","Q2-dbca2ab674a4fcf6","B","U06","B-BAT-04","5610.395987153188","5940.395987153188","7000.866267446132","2713.9092953235313","8324.305282476718","S013-FOD-01","6553.164460632994"
"Q2-023","Q2-30d865db2c27439f","C","U08","C-BAT-03","5619.795871333059","6099.795871333059","7496.991029528602","3854.0463485192877","9473.842219852348","S005-MED-01","6813.02845043083"
"Q2-023","Q2-30d865db2c27439f","C","U08","C-BAT-03","5619.795871333059","6099.795871333059","7496.991029528602","3854.0463485192877","9473.842219852348","S005-WAT-01","6849.02845043083"
"Q2-023","Q2-30d865db2c27439f","C","U08","C-BAT-03","5619.795871333059","6099.795871333059","7496.991029528602","3854.0463485192877","9473.842219852348","S005-WAT-02","6885.02845043083"
"Q2-023","Q2-30d865db2c27439f","C","U08","C-BAT-03","5619.795871333059","6099.795871333059","7496.991029528602","3854.0463485192877","9473.842219852348","S005-WAT-03","6921.02845043083"
"Q2-023","Q2-30d865db2c27439f","C","U08","C-BAT-03","5619.795871333059","6099.795871333059","7496.991029528602","3854.0463485192877","9473.842219852348","S005-FOD-01","6957.02845043083"
"Q2-023","Q2-30d865db2c27439f","C","U08","C-BAT-03","5619.795871333059","6099.795871333059","7496.991029528602","3854.0463485192877","9473.842219852348","S005-HYG-01","6993.02845043083"
"Q2-024","Q2-5bc81bb5720b5346","C","U07","C-BAT-04","6708.3958186849595","7218.3958186849595","8268.566210563868","3204.8604280790514","9913.256246764011","S001-WAT-03","7740.666014624414"
"Q2-024","Q2-5bc81bb5720b5346","C","U07","C-BAT-04","6708.3958186849595","7218.3958186849595","8268.566210563868","3204.8604280790514","9913.256246764011","S001-WAT-04","7776.666014624414"
"Q2-024","Q2-5bc81bb5720b5346","C","U07","C-BAT-04","6708.3958186849595","7218.3958186849595","8268.566210563868","3204.8604280790514","9913.256246764011","S001-WAT-05","7812.666014624414"
"Q2-024","Q2-5bc81bb5720b5346","C","U07","C-BAT-04","6708.3958186849595","7218.3958186849595","8268.566210563868","3204.8604280790514","9913.256246764011","S001-WAT-08","7848.666014624414"
"Q2-024","Q2-5bc81bb5720b5346","C","U07","C-BAT-04","6708.3958186849595","7218.3958186849595","8268.566210563868","3204.8604280790514","9913.256246764011","S001-FOD-01","7884.666014624414"
"Q2-024","Q2-5bc81bb5720b5346","C","U07","C-BAT-04","6708.3958186849595","7218.3958186849595","8268.566210563868","3204.8604280790514","9913.256246764011","S001-FOD-02","7920.666014624414"
"Q2-024","Q2-5bc81bb5720b5346","C","U07","C-BAT-04","6708.3958186849595","7218.3958186849595","8268.566210563868","3204.8604280790514","9913.256246764011","S001-HYG-01","7956.666014624414"
