Point ID,Name,Category,OSM ID,Location,Longitude,Latitude
ST001,Litang Town,Town/Township,621892885,Outside Zhenlong Township,109.129485,23.20284
ST002,Sanli Town,Town/Township,3155700108,Outside Zhenlong Township,109.3917952,23.0561446
ST003,Yunbiao Town,Town/Township,3155700111,Outside Zhenlong Township,109.3858039,22.9062875
ST004,Wuli Town,Town/Township,3155700112,Outside Zhenlong Township,109.3938582,22.9618298
ST005,Huanglian Town,Town/Township,3722472095,Outside Zhenlong Township,109.3118097,23.1581487
ST006,Dingbu,Village,3810307024,Outside Zhenlong Township,109.3999847,23.1991
ST007,Hongni,Village,3810307026,Outside Zhenlong Township,109.3972304,23.183709
ST008,Pinglong,Village,3810307030,Outside Zhenlong Township,109.4007833,23.2167599
ST009,Qintang Subdistrict,Town/Township,3810307031,Outside Zhenlong Township,109.4158451,23.1373934
ST010,Binzhou,Village,3909352213,Outside Zhenlong Township,109.407,23.0041
ST011,Changtang,Village,3909352214,Outside Zhenlong Township,109.42,23.0101
ST012,Dongliu,Village,3909352217,Outside Zhenlong Township,109.444,22.9915
ST013,Jishui,Village,3909352219,Outside Zhenlong Township,109.43,23.0314
ST014,Jitang,Village,3909352220,Outside Zhenlong Township,109.426,23.0194
ST015,Lengwei,Village,3909352221,Outside Zhenlong Township,109.441,23.001
ST016,Liangwu,Village,3909352222,Outside Zhenlong Township,109.439,23.0675
ST017,Longxing,Village,3909352225,Outside Zhenlong Township,109.404,23.0207
ST018,Shishe,Village,3909352226,Outside Zhenlong Township,109.434,23.0465
ST019,Wangliu Village,Village,3909352228,Outside Zhenlong Township,109.422,23.0365
ST020,Xiyu,Village,3909352231,Outside Zhenlong Township,109.431,23.018
ST021,Pang Village,Village,3909512213,Outside Zhenlong Township,109.043,22.9833
ST022,Caoyi,Village,3910747325,Outside Zhenlong Township,109.198,22.9115
ST023,Changan,Village,3910747326,Outside Zhenlong Township,109.112,22.8748
ST024,Dailai,Village,3910747327,Outside Zhenlong Township,109.127,22.9925
ST025,Daliao,Village,3910747328,Outside Zhenlong Township,109.0774522,22.9257376
ST026,Dingli,Village,3910747329,Outside Zhenlong Township,109.195,22.9419
ST027,Feng Village,Village,3910747330,Outside Zhenlong Township,109.05,22.8954
ST028,Gaoshi,Village,3910747331,Outside Zhenlong Township,109.058,22.9144
ST029,Gufeng,Village,3910747332,Outside Zhenlong Township,109.123,22.9423
ST030,Hecang,Village,3910747333,Outside Zhenlong Township,109.036,22.9238
ST031,He Village,Village,3910747334,Outside Zhenlong Township,109.161,22.9541
ST032,Hedai,Village,3910747335,Outside Zhenlong Township,109.1,22.987
ST033,Hetang,Village,3910747336,Outside Zhenlong Township,109.053,22.8853
ST034,Huang Village,Village,3910747338,Outside Zhenlong Township,109.161,22.9317
ST035,Jiangju,Village,3910747339,Outside Zhenlong Township,109.104,22.9432
ST036,Lao Village,Village,3910747340,Outside Zhenlong Township,109.157,23.0117
ST037,Lilu,Village,3910747341,Outside Zhenlong Township,109.088,22.9789
ST038,Liuchang,Village,3910747342,Within Zhenlong Township,109.191,23.0026
ST039,Liuhua,Village,3910747343,Within Zhenlong Township,109.173,22.99
ST040,Lu Village,Village,3910747344,Outside Zhenlong Township,109.14,22.9698
ST041,Mulu,Village,3910747346,Within Zhenlong Township,109.196,22.9933
ST042,Naluo,Village,3910747348,Outside Zhenlong Township,109.144,22.8879
ST043,Namiao New Village,Village,3910747349,Outside Zhenlong Township,109.069,22.9524
ST044,Pantang,Village,3910747352,Outside Zhenlong Township,109.098,22.8624
ST045,Pinglin,Village,3910747353,Outside Zhenlong Township,109.073,22.8718
ST046,Pingtian,Village,3910747354,Outside Zhenlong Township,109.131,23.0018
ST047,Sanlian,Village,3910747356,Outside Zhenlong Township,109.1037663,22.9699968
ST048,Shitang Town,Town/Township,3910748657,Outside Zhenlong Township,109.0671696,22.8866563
ST049,Shuanghe,Village,3910748658,Outside Zhenlong Township,109.103,22.9588
ST050,Tanguan,Village,3910748659,Outside Zhenlong Township,109.129,22.8634
ST051,Tangwang,Village,3910748660,Outside Zhenlong Township,109.08,22.9078
ST052,Tankuan,Village,3910748661,Outside Zhenlong Township,109.0794536,22.9137058
ST053,Tanleng,Village,3910748662,Outside Zhenlong Township,109.18,22.9241
ST054,Tanqiao,Village,3910748663,Outside Zhenlong Township,109.1660386,22.901617
ST055,Wangganxin,Village,3910748664,Outside Zhenlong Township,109.101,22.8899
ST056,Wanglong,Village,3910748665,Outside Zhenlong Township,109.043,22.9637
ST057,Wangzhai,Village,3910748666,Outside Zhenlong Township,109.1124289,22.9057304
ST058,Weihe,Village,3910748667,Outside Zhenlong Township,109.104,22.8677
ST059,Wufu,Village,3910748668,Outside Zhenlong Township,109.148,23.0027
ST060,Xinning,Village,3910748669,Outside Zhenlong Township,109.051,22.9419
ST061,Zhongtuan,Village,3910748670,Outside Zhenlong Township,109.173,22.9395
ST062,Zhuwa,Village,3910748671,Within Zhenlong Township,109.177,23.0162
ST063,Bafeng,Village,3910776655,Outside Zhenlong Township,109.09,23.0103
ST064,Baihan,Village,3910776656,Outside Zhenlong Township,109.0786687,23.0588448
ST065,Changkui,Village,3910776758,Outside Zhenlong Township,109.085,23.0444
ST066,Junwei,Village,3910776762,Outside Zhenlong Township,109.037,23.029
ST067,Junzhuang,Village,3910776763,Outside Zhenlong Township,109.071,23.0369
ST068,Kebao,Village,3910776764,Outside Zhenlong Township,109.069,22.9917
ST069,Langli,Village,3910776766,Outside Zhenlong Township,109.037,23.0019
ST070,Lanqiao,Village,3910776767,Outside Zhenlong Township,109.096,23.0063
ST071,Liuzhuang,Village,3910776768,Outside Zhenlong Township,109.117,23.0346
ST072,Mutang,Village,3910776769,Outside Zhenlong Township,109.09,23.0274
ST073,Nali,Village,3910776771,Outside Zhenlong Township,109.102,23.0619
ST074,Ou Village,Village,3910776772,Outside Zhenlong Township,109.046,23.0072
ST075,Pingtang,Village,3910776773,Outside Zhenlong Township,109.0744707,23.053477
ST076,Shangtang,Village,3910776774,Outside Zhenlong Township,109.057,23.0255
ST077,Shangxue,Village,3910776775,Outside Zhenlong Township,109.075,23.025
ST078,Tianliao,Village,3910776776,Outside Zhenlong Township,109.117,23.0553
ST079,Wangping,Village,3910776777,Outside Zhenlong Township,109.085,23.013
ST080,Xiafu,Village,3910776778,Outside Zhenlong Township,109.051,23.0281
ST081,Qingtong,Village,3910905260,Outside Zhenlong Township,109.1953163,22.8938404
ST082,Longmu,Village,4425310426,Outside Zhenlong Township,109.0393476,23.1252652
ST083,Longgui,Village,4806278759,Outside Zhenlong Township,109.413,22.9287
ST084,Daliang,Village,4806278782,Outside Zhenlong Township,109.418,22.8866
ST085,Guoxiang,Village,4806278785,Outside Zhenlong Township,109.445,22.8813
ST086,Liuxiuxin,Village,4806278802,Outside Zhenlong Township,109.411,22.9562
ST087,Baogai,Village,4806278805,Outside Zhenlong Township,109.442,22.9611
ST088,Wangzhuang,Village,4806278811,Outside Zhenlong Township,109.399,22.8724
ST089,Longgong,Village,5084352463,Outside Zhenlong Township,109.055,23.213
ST090,Qingcao,Village,5084352464,Outside Zhenlong Township,109.0850476,23.1613727
ST091,Sanze,Village,5084352465,Outside Zhenlong Township,109.047,23.1445
ST092,Wujiang,Village,5084352466,Outside Zhenlong Township,109.065,23.2147
ST093,Xijiang,Village,5084352467,Outside Zhenlong Township,109.059,23.2224
ST094,Xinxing,Village,5084352468,Outside Zhenlong Township,109.037,23.1257
ST095,Ancheng,Village,5084418287,Outside Zhenlong Township,109.104,23.2118
ST096,Pinglong,Village,5084418295,Outside Zhenlong Township,109.121,23.2136
ST097,Yao Village,Village,5084418302,Outside Zhenlong Township,109.128,23.2242
ST098,Lingzhu,Village,5126756524,Outside Zhenlong Township,109.13472,22.9593493
ST099,Zhenlong Township,Town/Township,5126807955,Within Zhenlong Township,109.243639,23.0322977
ST100,Xinlin,Village,5154968173,Outside Zhenlong Township,109.423,22.9833
ST101,Lingcen,Village,5154996714,Outside Zhenlong Township,109.321,23.1478
ST102,Liuzhen,Village,5154996715,Outside Zhenlong Township,109.2930906,23.1691081
ST103,Mo Village,Village,5154996716,Outside Zhenlong Township,109.3089407,23.1500718
ST104,Pingzhai,Village,5154996717,Outside Zhenlong Township,109.33,23.1526
ST105,Yuanling,Village,5154996718,Outside Zhenlong Township,109.3245492,23.1454549
ST106,Luo Village,Village,5154998377,Outside Zhenlong Township,109.3801132,23.0538279
ST107,Shangchen,Village,7939345339,Outside Zhenlong Township,109.3229066,22.9832482
ST108,Gong Village,Village,7940974371,Outside Zhenlong Township,109.3432146,22.9378269
ST109,Liugong,Village,7940981418,Outside Zhenlong Township,109.3824591,22.9684581
ST110,Sancha,Village,7999979686,Outside Zhenlong Township,109.359,22.9278
ST111,Futang,Village,7999979687,Outside Zhenlong Township,109.36,22.8992
ST112,Zhenxing,Village,7999979688,Outside Zhenlong Township,109.38,22.8832
ST113,Fulong,Village,7999979689,Outside Zhenlong Township,109.376,22.8972
ST114,Nankang,Village,7999979690,Outside Zhenlong Township,109.33,22.9261
ST115,Jiajian,Village,7999979691,Outside Zhenlong Township,109.351,22.9177
ST116,Sulong,Village,7999979692,Outside Zhenlong Township,109.313,22.9045
ST117,Dengwei,Village,7999979693,Outside Zhenlong Township,109.298,22.9249
ST118,Linjiang,Village,7999986666,Outside Zhenlong Township,109.275,22.9034
ST119,Luo Village,Village,7999986667,Outside Zhenlong Township,109.253,22.9092
ST120,Wangan,Village,7999986668,Outside Zhenlong Township,109.2288065,22.9150294
ST121,Dongwei,Village,7999986669,Outside Zhenlong Township,109.254,22.8983
ST122,Baiyi,Village,7999986670,Outside Zhenlong Township,109.242,22.9164
ST123,Xiali,Village,7999986671,Outside Zhenlong Township,109.233,22.8923
ST124,Liulan Village,Village,7999986672,Outside Zhenlong Township,109.265,22.922
ST125,Lizao,Village,8002101958,Outside Zhenlong Township,109.287,22.8793
ST126,Unnamed Settlement,Village,9158122396,Outside Zhenlong Township,109.0361738,23.1029838
ST127,Taitang,Village,9193928965,Outside Zhenlong Township,109.1876969,23.2017299
ST128,Datang,Village,9193928966,Outside Zhenlong Township,109.1907006,23.1988454
ST129,Tan Village,Village,9482699703,Outside Zhenlong Township,109.1836596,23.2111405
ST130,Huang Village,Village,9482699704,Outside Zhenlong Township,109.1851963,23.207957
ST131,Xinfeng,Village,9482699938,Outside Zhenlong Township,109.188361,23.2125497
ST132,Gaotang,Village,11118428527,Outside Zhenlong Township,109.1424282,23.1957024
ST133,Liren,Village,11118958451,Outside Zhenlong Township,109.1674374,23.1875337
ST134,Changan,Village,11118958452,Outside Zhenlong Township,109.1461042,23.1996775
ST135,Panshan,Village,11118958453,Outside Zhenlong Township,109.1514899,23.1991338
ST136,Qingshan,Village,11118958454,Outside Zhenlong Township,109.1551995,23.1966077
ST137,Qingping,Village,11118958455,Outside Zhenlong Township,109.1379333,23.2005158
ST138,Ouyang,Village,11634880138,Outside Zhenlong Township,109.1859961,23.1577319
ST139,Liangsi,Village,11634880183,Outside Zhenlong Township,109.170186,23.1476777
ST140,Guowen,Village,11634880266,Outside Zhenlong Township,109.2072017,23.1293571
ST141,Liangyuan,Village,11634880968,Outside Zhenlong Township,109.1876082,23.1247911
ST142,Xinguoe,Village,11634881068,Outside Zhenlong Township,109.1821723,23.1166509
ST143,Ganjiang,Village,11634881104,Within Zhenlong Township,109.2054913,23.1014131
ST144,Guozhao,Village,11634881128,Outside Zhenlong Township,109.176236,23.1128317
ST145,Dazhan,Village,11634881512,Within Zhenlong Township,109.2191546,23.0776627
ST146,Guma,Village,11634881632,Within Zhenlong Township,109.2019376,23.0742455
ST147,Zhuwa,Village,11634881796,Outside Zhenlong Township,109.1738636,23.0938857
ST148,Nalu,Village,11634881841,Within Zhenlong Township,109.2201329,23.063406
ST149,Gulu,Village,11634881882,Within Zhenlong Township,109.2097858,23.058543
ST150,Natuo,Village,11634882054,Within Zhenlong Township,109.1894467,23.0497624
ST151,Liuzao,Village,11634882329,Within Zhenlong Township,109.168918,23.0409654
ST152,Duchang,Village,11634882330,Within Zhenlong Township,109.166781,23.0365922
ST153,Naxu,Village,11634882331,Within Zhenlong Township,109.1728034,23.036716
ST154,Fozi,Village,11634882332,Within Zhenlong Township,109.1790201,23.0275429
ST155,Yinkeng,Village,11634882384,Within Zhenlong Township,109.1915989,23.0358083
ST156,Nasang,Village,11634882385,Within Zhenlong Township,109.1931438,23.0294971
ST157,Liugui,Village,11634882436,Within Zhenlong Township,109.1974591,23.0424149
ST158,Nacong,Village,11634882604,Within Zhenlong Township,109.2189672,23.0312847
ST159,Pingwang,Village,11634882605,Within Zhenlong Township,109.2293012,23.0248391
ST160,Nalong,Village,11634882606,Within Zhenlong Township,109.2368288,23.0398887
ST161,Shangliang,Village,11634882607,Within Zhenlong Township,109.2266493,23.0561427
ST162,Sancha,Village,11634882851,Outside Zhenlong Township,109.1395408,22.971984
ST163,Luoguan,Village,11637200196,Outside Zhenlong Township,109.0741986,23.0765845
ST164,Hengli,Village,11637200490,Outside Zhenlong Township,109.1475567,23.110668
ST165,Naye,Village,11637200491,Outside Zhenlong Township,109.1345105,23.1146782
ST166,Huangxing,Village,11637200697,Outside Zhenlong Township,109.0865984,23.1169218
